訓練單位名稱,縣市別辦訓地,課程代碼,課程名稱,訓練時數,訓練人次,每人訓練費用,開訓日期,結訓日期
"社團法人高雄市資訊培育協會","高雄市","156865","資訊安全實務班","30","16","6150","20250309","20250413"
"國立高雄科技大學","高雄市","156917","建築資訊建模（BIM）與三維地理資訊系統（3D GIS）整合應用學士學分班","36","30","8800","20250316","20250427"
"國立高雄科技大學","高雄市","156920","BIM 視覺化程式語言實務進階學士學分班","36","30","8800","20250216","20250316"
"國立高雄科技大學","高雄市","156923","Civil 3D及Infraworks實務應用班","36","30","8800","20250308","20250419"
"國立高雄科技大學","高雄市","156924","建築環境規劃BIM技術應用進階學士學分班","36","30","8800","20250315","20250426"
"社團法人中華成人教育認證協會","高雄市","156974","物聯網整合開發與影像辨識實務班","42","20","8880","20250309","20250427"
"社團法人台灣多元訓練推廣協會","嘉義市","156994","綠能科技太陽能光電技能B班","49","20","9920","20250215","20250412"
"崑山科技大學","臺南市","157008","三菱Q系列可程式基礎B班","49","25","9560","20250308","20250426"
"國立雲林科技大學","雲林縣","157034","西門子S7-1200可程式控制器PLC應用技術培訓班","40","16","16200","20250308","20250412"
"訊亞企業股份有限公司附設職業訓練中心","臺南市","157036","AI智能技術與媒體影音設計班","54","22","8910","20250214","20250417"
"財團法人中國生產力中心附設台南服務處","臺南市","157037","大數據Power BI Desktop基礎雙語班A班","36","15","7000","20250215","20250329"
"嘉義市電腦商業同業公會","嘉義市","157041","應用Open source與公差分析設計智慧製造3d列印設備應用班","42","22","9160","20250215","20250322"
"社團法人中華民國南部科學園區產學協會","臺南市","157050","智慧穿戴式物聯網之無線生醫晶片系統班","18","25","3400","20250412","20250419"
"伽碩企業有限公司附設職業訓練中心","臺南市","157063","工業產品設計與FreeCAD應用班","47","20","8900","20250221","20250331"
"社團法人中華民國珠寶金飾研究會","嘉義市","157071","3D列印珠寶建模設計C班","47","25","11730","20250305","20250423"
"伽碩企業有限公司附設職業訓練中心","臺南市","157088","Python程式與物件辨識應用班","45","20","8530","20250227","20250422"
"北訓資訊有限公司附設職業訓練中心","臺南市","157100","影像辨識系統班","45","15","9090","20250303","20250423"
"北訓資訊有限公司附設職業訓練中心","臺南市","157101","Raspberry pico W微控制板系統設計班","45","15","9090","20250304","20250424"
"中國文化大學","臺北市","157102","Python AI金融數據爬蟲建置金融資料庫與量化分析應用實務班","42","25","7770","20250308","20250426"
"台灣機械業工會聯合會","臺中市","157125","企業如何導入ESG及企業永續發展實務班","42","25","7960","20250215","20250322"
"銘傳大學","臺北市","157136","PHP與資料庫-網站程式基礎班","36","25","6660","20250224","20250402"
"臺北市勞動力服務人員職業工會","臺北市","157197","Excel VBA辦公室自動化整合Chat GPT應用實務班","48","25","6720","20250225","20250422"
"國立臺北商業大學","臺北市","157213","GA4數據分析與網頁SEO設定班","30","30","4950","20250315","20250419"
"中華民國全國商業總會","臺北市","157218","GA4網站大數據暨電子商務經營管理實務班","42","23","7950","20250304","20250422"
"中華民國全國商業總會","臺北市","157220","電商AI客服應用與手機影片剪輯實務班","30","23","5650","20250311","20250415"
"全國勞工聯合總工會","臺北市","157245","ChatGPT輔助Excel與Python應用與開發實務班","47","22","8500","20250309","20250427"
"全國勞工聯合總工會","臺北市","157246","企業營運與Linux安全應用實務班","47","22","8500","20250308","20250426"
"全國勞工聯合總工會","臺北市","157247","Linux 應用整合實務班","47","22","8500","20250309","20250427"
"臺灣職能訓練產業工會","臺北市","157281","Excel VBA 辦公室流程自動化結合雲端應用實務班","45","30","8280","20250309","20250427"
"社團法人中華勞動力職能發展協會","新北市","157285","Python Git版本管理與GitHub協作平台整合應用班","36","28","5840","20250315","20250426"
"彰化縣商業會","彰化縣","157346","電動二輪車實務班","56","20","15080","20250223","20250427"
"新北市醬類從業人員職業工會","臺北市","157357","辦公室流程自動化實作班","48","22","7920","20250223","20250427"
"社團法人新竹市職訓教育協會","新竹市","157363","Solidworks原型零組件3D設計班","45","20","8500","20250305","20250409"
"弘光科技大學","臺中市","157383","高科技產業廢水再生與可資源化物質回收技術實務班","54","20","18110","20250216","20250426"
"財團法人中國生產力中心附設中區服務處","臺中市","157398","NX CAM多軸加工模擬訓練班","30","14","7550","20250308","20250322"
"中原大學","桃園市","157425","Python數據分析與生成式AI應用班","42","18","7950","20250223","20250420"
"健行學校財團法人健行科技大學","桃園市","157442","CNC車床車銑複合機程式設計實務班","54","19","10350","20250223","20250420"
"健行學校財團法人健行科技大學","桃園市","157444","Python大數據分析應用實戰班","36","16","6800","20250309","20250420"
"健行學校財團法人健行科技大學","桃園市","157445","Excel ＆ ChatGPT ＆ VBA掌握AI自動化操作流程班","36","19","6660","20250308","20250419"
"健行學校財團法人健行科技大學","桃園市","157456","資通安全實務班","42","18","7930","20250308","20250426"
"虹宇事業股份有限公司附設職業訓練中心","桃園市","157458","AIGC智慧生成影音繪圖創作班","42","25","7350","20250316","20250427"
"財團法人自強工業科學基金會","新竹市","157473","新農業營運企劃書撰寫班","30","22","5690","20250308","20250412"
"財團法人自強工業科學基金會","新竹市","157475","網路安全技術及實務訓練班","24","22","4550","20250322","20250419"
"財團法人自強工業科學基金會","新竹市","157481","藥品/醫療器材產品潔淨生產管理班","16","22","3030","20250316","20250323"
"財團法人自強工業科學基金會","新竹市","157482","溫室氣體盤查培訓班","18","25","3410","20250413","20250420"
"社團法人新竹市職訓教育協會","新竹市","157498","人工智慧影像處理程式設計班","45","20","8500","20250319","20250423"
"南開科技大學","南投縣","157511","飛行器農用噴灑進階實作班","60","25","21000","20250301","20250330"
"社團法人台灣行業專業協會","臺中市","157516","ESG產品碳足跡內部盤查實務班","36","15","6830","20250304","20250408"
"社團法人新竹市職訓教育協會","新竹市","157530","SolidWorks設計製圖與3D列印模型製造班","45","20","8900","20250222","20250426"
"國立暨南國際大學","臺中市","157533","從業人員的自媒體流量內容創作班","32","22","6400","20250308","20250311"
"嘉義市職業總工會","嘉義市","161040","室內空間美學設計訓練班","36","30","9180","20250224","20250512"
"嘉義市職業總工會","嘉義市","161041","幸福烘焙訓練班","60","30","12370","20250304","20250515"
"中華民國不動產代銷經紀商業同業公會全國聯合會","臺南市","161042","民法與信託法專業訓練班","47","18","8600","20250302","20250427"
"社團法人台南市觀光協會","臺南市","161046","經典早午餐與粥品製作班","60","30","11300","20250315","20250524"
"社團法人台灣智能防災工程安全衛生管理職能發展協會","臺南市","161048","ESG與碳盤查內部查證人員訓練班","42","25","7960","20250225","20250603"
"國立虎尾科技大學","雲林縣","161053","Excel統計報表實務應用班","54","25","8900","20250308","20250524"
"社團法人台南市復健青年勵進會","臺南市","161056","皮件設計製版應用班","72","26","15990","20250308","20250607"
"社團法人台南市復健青年勵進會","臺南市","161057","時尚包款手作工藝班","72","26","15990","20250325","20250620"
"群亞國際股份有限公司附設職業訓練中心","臺南市","161061","AutoCAD室內設計繪圖班","47","20","8900","20250305","20250423"
"群亞國際股份有限公司附設職業訓練中心","臺南市","161062","職場EXCEL實務應用班","45","20","8530","20250306","20250429"
"群亞國際股份有限公司附設職業訓練中心","臺南市","161063","企業會計人員綜合業務應用班","47","20","8900","20250308","20250503"
"嘉義市餐飲業職業工會附設職業訓練中心","嘉義市","161068","辛鮮體驗川式料理訓練班","66","30","13610","20250303","20250423"
"嘉義市髮藝美容造型技術指導員職業工會","嘉義市","161071","髮藝時尚剪燙染造型班","96","22","22170","20250306","20250703"
"輔英科技大學","臺南市","161072","寶寶按摩瑜珈實務班","24","20","4780","20250308","20250316"
"嘉義市男子髮藝造型職業工會","嘉義市","161076","快剪燙染造型設計班","96","22","22170","20250323","20250720"
"台南市男子理髮職業工會","臺南市","161080","男子理髮技能實務班","98","20","22600","20250302","20250615"
"嘉義市芳療整體保養職業工會","嘉義市","161082","調香美膚保健應用班","72","30","15450","20250319","20250604"
"中華民國電腦商業同業公會全國聯合會","嘉義市","161085","辦公室軟體與AI小助手提升工作效率應用班","42","22","7140","20250324","20250507"
"台南家專學校財團法人台南應用科技大學","臺南市","161088","中式點心及異國料理實務班","77","28","11500","20250316","20250615"
"大台南人體彩繪從業人員職業工會","臺南市","161089","彩妝技巧與美容保養進階班","91","25","20500","20250304","20250527"
"社團法人中華成人教育認證協會","臺南市","161092","Excel職場函數與自動化實務班","42","20","7660","20250309","20250420"
"社團法人中華成人教育認證協會","臺南市","161093","多益必備詞彙與聽力閱讀實戰班","42","25","7370","20250311","20250617"
"社團法人中華成人教育認證協會","臺南市","161094","理財規劃與資源配置實務班","45","24","7880","20250311","20250617"
"社團法人中華成人教育認證協會","臺南市","161095","AI應用高效能辦公實務班","42","20","7600","20250323","20250504"
"台南市人體彩繪從業人員職業工會","臺南市","161098","創意美髮班","47","26","12480","20250309","20250525"
"社團法人嘉義市就業服務推廣協會","嘉義市","161100","AI雲端商務應用實務班","42","25","7320","20250308","20250419"
"社團法人嘉義市就業服務推廣協會","嘉義市","161101","咖啡豆香與光之燭藝再生美學班","42","22","8500","20250309","20250427"
"社團法人臺南市芳療美容整體造型推廣學會","臺南市","161107","精油植萃清潔用品手作班","60","20","13310","20250322","20250607"
"社團法人台灣多元訓練推廣協會","嘉義市","161109","專業簡報技巧暨口才訓練班","42","20","7890","20250308","20250419"
"社團法人台灣多元訓練推廣協會","嘉義市","161110","跨領域ChatGPT生成文案撰寫應用班","35","20","6580","20250308","20250412"
"社團法人臺灣養生創意美食發展協會","嘉義縣","161118","經典小吃暨米麵點心班","90","25","18560","20250219","20250528"
"社團法人臺灣養生創意美食發展協會","嘉義縣","161119","精緻伴手禮班","90","25","18560","20250307","20250627"
"社團法人臺灣養生創意美食發展協會","嘉義縣","161120","農產加工暨應用班","90","25","18550","20250319","20250709"
"大台南花藝設計製作職業工會","臺南市","161127","自由花班","47","25","12020","20250306","20250703"
"大台南婚禮設計服務人員職業工會","臺南市","161129","心織幸福小物手作班","96","18","21370","20250308","20250705"
"嘉義縣製茶業職業工會","嘉義市","161142","茶業特色技能運用訓練班","60","28","12370","20250325","20250411"
"臺南市園藝花卉產業工會","臺南市","161145","歐式花藝創作班","47","25","12020","20250312","20250702"
"社團法人台灣勞工多元學習發展協會","嘉義縣","161151","中國風服飾與古典服裝配飾實作班","47","16","11700","20250323","20250518"
"社團法人雲林縣婦女新知協會","雲林縣","161162","多肉觀葉植栽暨植物精油皂製作班","78","24","17370","20250308","20250614"
"社團法人雲林縣婦女新知協會","雲林縣","161163","和風時尚拼布製作實務班","84","28","18700","20250309","20250615"
"台灣省工礦安全衛生技師公會附設台南職業訓練中心","臺南市","161164","職業安全衛生管理員訓練班","115","25","13000","20250317","20250430"
"社團法人台灣新興產業人才培育協會","臺南市","161165","生活與職場越語會話基礎班","47","20","8900","20250315","20250712"
"社團法人臺南市敦親睦鄰關懷協會","臺南市","161168","手語多元技能基礎班","42","18","7960","20250325","20250624"
"社團法人中華民國不動產教育平台訓練協會","臺南市","161171","不動產經紀人專業班","128","20","21120","20250323","20250720"
"社團法人中華職訓教育發展協會","臺南市","161175","匠心皮藝手作班","96","18","21380","20250307","20250704"
"社團法人中華藝能文創協會","臺南市","161181","社群媒體行銷實務班","30","18","5500","20250307","20250523"
"社團法人嘉義市多元產業推廣協會","嘉義市","161183","天然環保手工皂與保養品製作班","54","24","12020","20250312","20250410"
"社團法人台灣創造活動發展協會","臺南市","161184","AutoCAD電腦輔助機械製圖班","54","23","8910","20250308","20250510"
"社團法人台灣創造活動發展協會","臺南市","161187","Solidworks電腦輔助工業繪圖基礎班","54","23","8910","20250309","20250511"
"社團法人台灣創造活動發展協會","臺南市","161189","Youtube影音特效剪輯實務班","54","20","8910","20250315","20250517"
"社團法人臺南市勞工領袖協進會","臺南市","161191","口才表達與人際關係班","42","16","7960","20250309","20250504"
"社團法人臺南市勞工領袖協進會","臺南市","161192","談判協商與說服技巧班","47","20","8910","20250315","20250510"
"財團法人中華航業人員訓練中心","臺南市","161193","營業用動力小船駕駛訓練A班","96","23","18100","20250303","20250323"
"國立嘉義大學","嘉義市","161197","不動產買賣交易安全實務班","39","25","5790","20250226","20250528"
"國立嘉義大學","嘉義市","161198","春夏節令農產品加工與食農體驗實務班","49","25","9390","20250315","20250503"
"台南市產業總工會","臺南市","161202","勞動法規與常見勞資爭議處理實務班","45","20","8500","20250301","20250426"
"雲林縣拷克平車從業人員職業工會","雲林縣","161209","服飾製作班","52","20","10000","20250308","20250503"
"雲林縣舞蹈職業工會","雲林縣","161212","國際標準舞蹈訓練班","42","22","7640","20250306","20250612"
"臺南市總工業會附設職業訓練中心","臺南市","161214","急救人員安全衛生教育訓練A班","16","25","3180","20250304","20250306"
"臺南市總工業會附設職業訓練中心","臺南市","161215","職業安全衛生管理實務訓練班","42","19","7900","20250308","20250419"
"臺南市總工業會附設職業訓練中心","臺南市","161216","丙種職業安全衛生業務主管班","21","20","3980","20250311","20250313"
"社團法人台灣職場技能協進會","臺南市","161225","韓文初級2班","36","20","6780","20250304","20250520"
"台南市總工會","臺南市","161226","銀飾工藝實作班","47","20","12030","20250304","20250429"
"台南市總工會","臺南市","161227","職場情境日語與文法應用班","45","20","8530","20250308","20250628"
"台南市總工會","臺南市","161228","生活皮件雕刻應用班","54","25","12020","20250312","20250423"
"社團法人中華民國勞工志願服務協會","臺南市","161233","心智圖法之工作管理應用班","24","12","4550","20250308","20250329"
"社團法人中華民國勞工志願服務協會","臺南市","161234","氣球會場佈置班","47","16","12020","20250316","20250511"
"社團法人台南市勞工志願服務協會","臺南市","161238","環保花藝班","45","30","11510","20250307","20250704"
"社團法人台南市勞工志願服務協會","臺南市","161239","EAPs服務創新與設計A班","36","16","6830","20250314","20250425"
"社團法人臺南市生活美容發展協會","臺南市","161241","美容業AI文案行銷應用班","54","24","8810","20250302","20250504"
"社團法人臺南市生活美容發展協會","臺南市","161242","潮流造型快剪技能班","54","26","12230","20250305","20250509"
"中華民國指甲彩繪美容職業工會聯合會","臺南市","161244","手部保養護理與造型凝膠彩繪班","77","20","17000","20250322","20250621"
"社團法人台灣產業職能發展協會","臺南市","161245","活用AI升級職場效能班","24","20","4530","20250305","20250328"
"雲林縣美姿禮儀造型職業工會","雲林縣","161253","花現美好囍愛花藝設計班","78","24","17370","20250312","20250604"
"嘉義縣勞動力服務人員職業工會","嘉義市","161255","服飾配件製作班","60","20","13160","20250301","20250517"
"社團法人雲林縣科技新農業協進會","雲林縣","161259","園藝栽培班","66","25","13000","20250315","20250607"
"社團法人雲林縣新移民姊妹協會","雲林縣","161262","傳統米麵食產品製作及農產品加工班","66","25","13000","20250302","20250518"
"中華民國經絡鬆筋整體健康協會","臺南市","161263","經絡調理手技與牛角輔具應用課程班","97","22","16760","20250318","20250624"
"中華民國經絡鬆筋整體健康協會","臺南市","161264","傳統整復推拿技術員手法課程班","110","20","19020","20250322","20250705"
"社團法人臺灣共融協會","臺南市","161266","生成式AI與Canva設計班","36","22","6810","20250224","20250430"
"嘉義縣資訊服務職業工會","嘉義市","161271","無人機巡邏檢查應用班","60","26","11660","20250315","20250607"
"雲林縣理燙髮美容職業工會","雲林縣","161273","精雕美甲凝膠創意設計班","84","28","19400","20250310","20250609"
"雲林縣理燙髮美容職業工會","雲林縣","161274","時尚髮藝染燙剪髮設計班","84","26","19350","20250311","20250610"
"國立臺南大學","臺南市","161275","越南語進階V1班","45","15","6000","20250307","20250704"
"國立臺南大學","臺南市","161276","越南語基礎班","36","20","5000","20250308","20250628"
"國立臺南大學","臺南市","161277","3D動畫與AI共創班","36","20","5000","20250313","20250619"
"台南市工業會","臺南市","161281","生管、物管技巧方法實務班","36","24","6800","20250308","20250419"
"嘉義縣褓姆職業工會","嘉義市","161285","音樂活動帶領教案設計培訓班","45","24","8930","20250305","20250425"
"嘉義縣褓姆職業工會","嘉義縣","161286","課輔才藝彩繪捏塑實務班","72","30","15970","20250325","20250620"
"社團法人台南市不動產經紀人員協會","臺南市","161288","公同共有之物上請求權實務班","45","18","8100","20250304","20250610"
"社團法人台南市不動產經紀人員協會","臺南市","161289","土地法規訓練班","30","18","5500","20250305","20250507"
"社團法人台南市不動產經紀人員協會","臺南市","161290","土地稅法訓練班","30","18","5500","20250313","20250529"
"崑山科技大學","臺南市","161292","不動產估價學士學分班","54","23","8910","20250303","20250630"
"崑山科技大學","臺南市","161293","韓語進階會話班","45","17","7590","20250303","20250616"
"崑山科技大學","臺南市","161294","情境日語會話班","42","25","6690","20250304","20250610"
"崑山科技大學","臺南市","161295","觀光旅遊情境英文會話班","51","25","7950","20250305","20250624"
"崑山科技大學","臺南市","161296","韓語初級會話班","45","17","7590","20250306","20250619"
"社團法人台灣資產評估協會","臺南市","161302","不動產經紀人專業訓練A班","30","18","5500","20250306","20250401"
"社團法人台灣資產評估協會","臺南市","161303","不動產經紀營業員進階訓練B班","20","20","3680","20250305","20250319"
"社團法人台灣資產評估協會","臺南市","161304","寶石鑑賞訓練班","30","18","5500","20250315","20250419"
"中信金學校財團法人中信科技大學","臺南市","161309","無人機操作應用班","48","20","10400","20250301","20250412"
"財團法人中國生產力中心附設台南服務處","臺南市","161310","職業安全管理師(抵充43小時)訓練班","43","30","7200","20250318","20250410"
"財團法人中國生產力中心附設台南服務處","臺南市","161311","職業安全衛生管理員訓練A班","115","35","12500","20250325","20250522"
"社團法人中華藝術美學協會","臺南市","161316","綠色療癒植物景觀設計班","36","20","8880","20250314","20250613"
"臺南市新娘秘書產業工會","臺南市","161319","臺南古都花卉UV文創飾品設計班","35","15","4150","20250304","20250408"
"嘉義縣殯禮服務職業工會","嘉義市","161323","殯葬禮儀服務應用訓練班","78","28","18010","20250317","20250514"
"嘉義縣機車修理業職業工會","嘉義市","161326","電動機踏車維修保養訓練A班","47","21","11920","20250302","20250420"
"嘉義縣手工藝製品業職業工會","嘉義市","161328","手縫拼布實作班","78","30","17080","20250308","20250614"
"嘉義縣小吃業職業工會","嘉義市","161329","人氣綜合烘焙點心訓練班","75","30","15460","20250310","20250507"
"嘉義縣總工會","嘉義市","161331","創意禮品設計實作班","60","27","13300","20250310","20250325"
"嘉義縣總工會","嘉義縣","161332","傢俱彩繪畫作設計A班","60","27","13300","20250317","20250401"
"大台南總工會","臺南市","161339","珠寶編織設計班","47","20","12020","20250308","20250517"
"大台南總工會","臺南市","161340","蝶谷巴特捏塑班","47","25","12020","20250309","20250504"
"大台南總工會","臺南市","161341","服裝打版與縫製班","47","25","12020","20250310","20250505"
"社團法人中華技職教育推廣協會","嘉義市","161345","手機美拍攝影與APP修圖班","45","20","9330","20250305","20250428"
"社團法人中華技職教育推廣協會","嘉義市","161346","園藝多肉盆栽與景觀設計班","54","25","11580","20250319","20250519"
"大台南指甲彩繪美容職業工會","臺南市","161352","網紅流行凝膠美甲與穿戴甲造型設計班","84","20","19400","20250308","20250607"
"大台南指甲彩繪美容職業工會","臺南市","161353","雜誌風格凝膠美甲與穿戴甲造型設計班","84","20","19400","20250318","20250521"
"大台南美姿禮儀造型職業工會","臺南市","161354","婚禮會場佈置設計班","78","26","17370","20250225","20250529"
"大台南美姿禮儀造型職業工會","臺南市","161355","美容與芳療保健實務班","75","26","17320","20250306","20250605"
"大台南美姿禮儀造型職業工會","臺南市","161356","室內展場空間設計班","75","26","16700","20250312","20250604"
"社團法人台灣職能培育協會","嘉義市","161358","活力早午餐料理班","48","30","9900","20250309","20250504"
"台南市木工業職業工會","臺南市","161360","裝潢木工實務應用班","60","30","11090","20250303","20250420"
"台南市褓姆職業工會","臺南市","161362","繪本與幼兒發展及拼貼應用班","56","24","8880","20250315","20250510"
"嘉義市經絡調理服務人員職業工會","嘉義市","161364","經絡調理按摩與牛角輔具運用A班","90","20","12800","20250216","20250615"
"社團法人雲林縣人力訓練發展協會","雲林縣","161366","靛染布品製作班","52","20","10000","20250309","20250504"
"社團法人中華攝影師技能教育協會","臺南市","161381","AI輔助動態影音製作訓練班","42","36","7960","20250323","20250510"
"嘉義縣工業會","嘉義市","161383","無人機組裝及維修操作實務班","36","25","6800","20250302","20250413"
"嘉義縣工業會","嘉義縣","161384","無人機空拍影音編輯訓練班","72","25","11880","20250308","20250614"
"中華民國港口總工會","臺南市","161385","營業用動力小船駕駛訓練班","96","23","18100","20250315","20250420"
"台南市不動產服務職業工會","臺南市","161396","不動產經紀人專業訓練班","141","23","22560","20250310","20250702"
"台南市不動產服務職業工會","臺南市","161397","不動產經紀人換照實務訓練班","30","22","5640","20250318","20250415"
"台南市各業工人聯合會","臺南市","161400","皮雕創意工藝進階班","66","30","13300","20250309","20250608"
"財團法人鞋類暨運動休閒科技研發中心","臺南市","161412","皮件手工藝設計助理班","54","20","12020","20250322","20250524"
"嘉義市工業會","嘉義市","161414","專案管理訓練班","36","15","6800","20250314","20250613"
"嘉義市不動產仲介經紀商業同業公會","嘉義市","161416","不動產專業法規與土地登記實務班","129","20","16250","20250317","20250529"
"社團法人台南市觀光導遊協會","臺南市","161426","台南在地文化導覽解說入門班","30","24","5690","20250313","20250529"
"社團法人臺南市不動產經紀人公會","臺南市","161430","國土計畫及區域計畫法規與實務解析班","36","18","6830","20250224","20250602"
"國立雲林科技大學","雲林縣","161435","淨零碳規劃管理訓練班","28","24","5310","20250309","20250330"
"樹德科技大學","臺南市","161443","居家水電修繕實作班","24","21","5240","20250308","20250329"
"大台南西餐服務人員職業工會","臺南市","161448","多國料理實務班","64","20","13200","20250318","20250515"
"大台南西餐服務人員職業工會","臺南市","161449","中西式烘焙實務班","54","20","11000","20250323","20250525"
"社團法人中華亞洲智能健康促進協會","臺南市","161457","有氧訓練基礎班","24","20","4550","20250322","20250419"
"社團法人台南市資訊軟體協會","臺南市","161459","EXCEL VBA資料處理暨ESG應用實務班","42","22","7940","20250301","20250330"
"台灣科學園區科學工業同業公會","臺南市","161461","企業內部稽核人員訓練班","28","22","5300","20250306","20250327"
"台灣科學園區科學工業同業公會","臺南市","161462","ISO 22000:2018 食品安全管理系統輔導訓練班","42","20","7950","20250308","20250419"
"台灣科學園區科學工業同業公會","臺南市","161463","勞動法令訓練班","42","20","7950","20250308","20250419"
"社團法人中華國際企業培訓師協會","臺南市","161466","成本會計基礎班","47","22","8710","20250222","20250426"
"台南市指甲彩繪美容職業工會","臺南市","161469","沙龍保養凝膠彩繪美甲班","84","20","19400","20250323","20250622"
"社團法人台灣物業管理產業協會","臺南市","161473","出租套房物業管理實務班","30","20","5670","20250225","20250327"
"社團法人台灣物業管理產業協會","臺南市","161474","房屋點交檢測實務班","48","20","7920","20250319","20250519"
"雲林縣幼兒托育職業工會","雲林縣","161478","坐月子人員訓練班","84","30","17320","20250309","20250615"
"雲林縣幼兒托育職業工會","雲林縣","161479","健康食力造型烘焙班","84","30","17300","20250315","20250614"
"雲林縣幼兒托育職業工會","雲林縣","161480","天然植萃精油入皂舒活班","84","26","18700","20250320","20250619"
"雲林縣婚禮設計服務人員職業工會","雲林縣","161482","囍樂陶陶玩藝班","78","28","17370","20250306","20250612"
"雲林縣婚禮設計服務人員職業工會","雲林縣","161483","花嫁美體SPA芳療班","78","26","18000","20250322","20250628"
"雲林縣婚禮設計服務人員職業工會","雲林縣","161484","植愛花禮佈置美學班","78","28","17370","20250325","20250624"
"社團法人中華專業技能交流協會","雲林縣","161485","美好食光手感烘焙班","47","30","11100","20250319","20250430"
"雲林縣職業總工會","雲林縣","161489","暮暮蒔花生活花藝班","84","28","18700","20250303","20250616"
"雲林縣職業總工會","雲林縣","161490","園藝植感綠活創作班","78","26","16730","20250307","20250613"
"雲林縣職業總工會","雲林縣","161491","創意拼布工藝班","84","28","18700","20250311","20250610"
"社團法人台灣產訓技能推廣協會","嘉義市","161494","商業影音製作與AI技術整合應用班","42","20","7960","20250301","20250419"
"社團法人台灣產訓技能推廣協會","嘉義市","161495","幸福手作烘焙暨飲品實作班","54","24","11000","20250303","20250430"
"社團法人台灣產訓技能推廣協會","嘉義市","161496","ChatGPT職場應用與Canva行銷文宣設計班","45","20","8500","20250325","20250520"
"社團法人雲林縣技職教育訓練鑑定發展協會","雲林縣","161499","高齡團體運動帶領技巧與多元行動科技社區據點人才實務班","68","28","11600","20250309","20250525"
"社團法人雲林縣飛雁創業協會","雲林縣","161500","農產品烘焙食品應用班","84","25","15500","20250302","20250525"
"社團法人雲林縣飛雁創業協會","雲林縣","161501","米麵食加工料理班","84","30","15500","20250315","20250614"
"社團法人雲林縣飛雁創業協會","雲林縣","161502","中式料理烹飪訓練班","84","30","17000","20250316","20250615"
"社團法人雲林縣勞工福利保護協會","雲林縣","161503","園藝盆栽培植班","54","25","10850","20250304","20250508"
"社團法人雲林縣勞工福利保護協會","雲林縣","161504","烙畫設計訓練班","42","24","9900","20250306","20250424"
"社團法人雲林縣勞工福利保護協會","雲林縣","161505","中西式烘焙技能班","78","25","15160","20250308","20250614"
"社團法人中華民國南部科學園區產學協會","臺南市","161508","生成式AI應用程式開發與應用班","28","25","5310","20250308","20250316"
"社團法人嘉義縣聽語多重障礙福利協進會","嘉義縣","161511","辦公室軟體應用技能班","54","26","8910","20250301","20250329"
"財團法人成大研究發展基金會","臺南市","161512","生成式AI調教與整合運用實作班","21","26","3980","20250308","20250322"
"財團法人成大研究發展基金會","臺南市","161513","專案管理實務重點與敏捷手法實作演練應用班","35","24","6760","20250309","20250413"
"大台南園藝花卉業職業工會","臺南市","161524","花藝創作班","45","30","11510","20250306","20250703"
"大台南園藝花卉業職業工會","臺南市","161525","商品拍攝、後製與短影片製作行銷班","30","16","5690","20250308","20250412"
"雲林縣芳療整體保養職業工會","雲林縣","161527","芳療的精油香氛設計與保養品調製班","60","25","13360","20250309","20250525"
"雲林縣商店售貨職業工會","雲林縣","161528","小香風套裝與織物設計應用班","69","24","15200","20250303","20250519"
"社團法人中華勞動力職能發展協會","臺南市","161530","手工西點製作班","45","28","10000","20250307","20250704"
"社團法人臺南市不動產教育發展研究協會","臺南市","161533","地政士土地稅法規實務班","33","21","6240","20250221","20250516"
"社團法人臺南市不動產教育發展研究協會","臺南市","161534","地政士民法概要研析班","36","21","6830","20250224","20250512"
"社團法人臺南市不動產教育發展研究協會","臺南市","161535","土地登記實務與信託法班","36","22","6830","20250311","20250527"
"社團法人臺南市不動產教育發展研究協會","臺南市","161536","地政士土地法規實務班","36","22","6830","20250308","20250419"
"社團法人台灣職業訓練多元發展協會","雲林縣","161537","縫機設備操作班","48","20","10690","20250315","20250510"
"台南市服飾設計職業工會","臺南市","161541","褲子版型設計班","42","18","8900","20250315","20250330"
"台南市美髮及美容美體業產業工會","臺南市","161545","美業Line@、社群營運與KOL整合實作班","54","20","8800","20250306","20250515"
"台中市總工會","臺中市","161549","日文進階VI班","36","20","6700","20250305","20250521"
"台中市總工會","臺中市","161550","易經易學實務班","42","25","6500","20250305","20250604"
"台中市總工會","臺中市","161551","機縫拼布進階班","54","25","10800","20250310","20250707"
"台灣機械業工會聯合會","臺中市","161555","稅務會計申報實務班","36","25","6830","20250315","20250426"
"台灣機械業工會聯合會","臺中市","161556","辦公室文書Word與Excel實務應用班","36","25","6720","20250315","20250426"
"國立臺中科技大學","臺中市","161564","情境主題觀光日語會話班","36","18","6130","20250301","20250412"
"國立臺中科技大學","臺中市","161565","財務規劃-金融商品分析與實務班","36","18","6130","20250306","20250605"
"國立臺中科技大學","臺中市","161566","新多益題型解析班","36","18","6350","20250317","20250609"
"國立臺中科技大學","臺中市","161567","財務報表分析班","36","18","6130","20250319","20250604"
"朝陽科技大學","臺中市","161569","領隊導遊帶團實務班","42","30","7960","20250222","20250316"
"高雄市土木技師公會","高雄市","161577","鋼結構大樓施工實務班","24","24","4530","20250304","20250327"
"台灣文化創意產業工會","高雄市","161582","創意網路行銷與社群應用實務班","30","21","6230","20250315","20250607"
"社團法人中華樂活數位教育協會","高雄市","161592","ChatGPT 與辦公室軟體整合實務班","30","22","5550","20250322","20250426"
"中華民國職業安全衛生協會附設高雄職業訓練中心","高雄市","161594","職業安全衛生管理員安全衛生教育訓練班","115","30","11400","20250306","20250414"
"中華民國職業安全衛生協會附設高雄職業訓練中心","高雄市","161595","營造業甲種職業安全衛生業務主管教育訓練班","42","35","5650","20250310","20250321"
"社團法人高雄市愛苗職涯動力整合協會","高雄市","161603","樂齡活動帶領技巧實務班","20","20","3980","20250308","20250322"
"中華壓力容器協會附設高雄職業訓練中心","高雄市","161605","荷重在一公噸以上之堆高機操作人員安全衛生教育訓練班","26","25","4320","20250313","20250330"
"財團法人成大研究發展基金會","高雄市","161611","EXCEL函數與樞紐分析報表個案操作班","21","23","3980","20250316","20250330"
"社團法人高雄市不動產暨物業人力資源發展協會","高雄市","161616","房地產買賣與稅務實務班","30","18","5600","20250322","20250426"
"社團法人高雄市財務金融文化創意發展協會","高雄市","161618","金融資訊籌碼分析與風險管理班","24","24","4530","20250226","20250423"
"社團法人高雄市顧健康頤養照護關懷協會","高雄市","161619","社區樂齡體適能活動設計與實作班","24","24","4690","20250304","20250422"
"中華民國勞動災害防止協會附設高雄職業訓練中心","高雄市","161623","隧道等挖掘作業主管教育訓練班","18","20","3400","20250308","20250322"
"中華民國勞動災害防止協會附設高雄職業訓練中心","高雄市","161624","施工安全評估人員安全衛生教育訓練班","76","17","12000","20250310","20250331"
"台灣人力資源產業工會","高雄市","161632","行銷策略實務班","30","21","5670","20250224","20250428"
"台灣人力資源產業工會","高雄市","161633","勞動法實務班","30","21","5670","20250307","20250516"
"中華民國美顏養生協會","高雄市","161638","精油與芳療調理班","91","20","21010","20250309","20250706"
"財團法人亞太綜合研究院","高雄市","161648","商用日語實務班","45","20","8250","20250303","20250616"
"財團法人亞太綜合研究院","高雄市","161649","職場生活英語會話班","36","20","6800","20250305","20250528"
"社團法人高雄市企業管理交流協會","高雄市","161651","企業永續價值鏈培訓班","36","21","6000","20250222","20250329"
"社團法人高雄市企業管理交流協會","高雄市","161653","Podcast聲音自媒體培訓班","30","25","5500","20250316","20250420"
"社團法人中華活力職能發展協會","高雄市","161655","財產管理與轉移稅務規劃解析班","42","22","7950","20250312","20250416"
"社團法人中華亞洲智能健康促進協會","高雄市","161658","健身運動體適能實務班","36","25","6830","20250316","20250427"
"社團法人中華企業資源交流協會","高雄市","161662","AI品牌設計與經營實戰班","36","22","6500","20250304","20250408"
"社團法人中華國際文創交流協會","高雄市","161665","韓語會話初級應用班","42","20","7920","20250307","20250620"
"社團法人台灣公共職業訓練國際交流暨發展協會","高雄市","161669","套房裝修與經營管理實務班","30","20","5670","20250304","20250402"
"社團法人台灣中高齡暨高齡勞動力促進協會","高雄市","161670","勞資爭議與調解實務班","30","22","5650","20250315","20250419"
"高雄市不動產仲介業職業工會","高雄市","161672","不動產經紀營業員專業訓練班","20","40","2740","20250225","20250227"
"高雄市不動產仲介業職業工會","高雄市","161673","認識市地重劃及區段徵收及其相關土地稅制實務解析班","36","36","3790","20250613","20250808"
"高雄市不動產仲介業職業工會","高雄市","161674","不動產仲介專業常識實務班","20","25","2960","20250310","20250414"
"高雄市不動產仲介業職業工會","高雄市","161675","不動產經紀營業員專業訓練班","20","40","2740","20250312","20250314"
"高雄市不動產仲介業職業工會","高雄市","161676","不動產經紀營業員基礎訓練班","30","30","4580","20250317","20250321"
"高雄市按摩商業同業公會","高雄市","161692","民俗調理鬆筋按摩班","66","18","11420","20250305","20250519"
"社團法人高雄市不動產經紀業發展協會","高雄市","161694","不動產經紀人專業培訓班","88","24","14520","20250223","20250518"
"高雄市美容美體技術學會","高雄市","161697","精油與芳香療法班","91","20","15610","20250304","20250610"
"財團法人和春文教基金會","高雄市","161701","特定寵物照護人員班","44","20","8760","20250215","20250524"
"高雄市工業會","高雄市","161704","多益商用英語聽讀能力及解題技巧訓練班","36","23","6800","20250316","20250427"
"高雄市工業會","高雄市","161705","數位行銷與社群媒體經營技巧實務班","36","23","6800","20250319","20250423"
"高雄市室內裝潢業職業工會","高雄市","161716","水電修繕班","54","20","12020","20250315","20250517"
"社團法人台灣手工藝文創協會","高雄市","161717","妝品配方設計班","45","20","11520","20250317","20250623"
"社團法人高雄市產業職能教育訓練發展協會","高雄市","161718","ChatGPT工作協作應用班","30","18","5530","20250322","20250426"
"開南大學","桃園市","161721","優質企業供應鏈安全專責人員班","36","36","6660","20250308","20250412"
"文藻學校財團法人文藻外語大學","高雄市","161722","日語N5文法訓練班","45","16","5910","20250306","20250626"
"文藻學校財團法人文藻外語大學","高雄市","161723","韓語會話基礎班","45","16","5690","20250307","20250627"
"文藻學校財團法人文藻外語大學","高雄市","161724","職場日語情境會話班","45","16","6100","20250307","20250627"
"文藻學校財團法人文藻外語大學","高雄市","161725","多益商務英語技能訓練班","45","16","6270","20250311","20250617"
"文藻學校財團法人文藻外語大學","高雄市","161726","商務英語情境會話班","45","16","6270","20250311","20250617"
"文藻學校財團法人文藻外語大學","高雄市","161727","法語會話基礎班","45","16","5690","20250312","20250618"
"社團法人中華民國不動產包租代管房東房客教育訓練協會","高雄市","161728","不動產經紀人專業班","128","13","21120","20250315","20250712"
"社團法人中華民國珠寶金飾研究會","高雄市","161732","金銀珠寶首飾加工班","49","30","10910","20250323","20250518"
"社團法人中華民國產業教育協會","高雄市","161735","不動產經紀人專業班","128","15","21120","20250321","20250718"
"社團法人台灣勞工大聯盟協會","屏東縣","161736","清潔皂品實務班","47","18","12000","20250301","20250524"
"社團法人台灣勞工大聯盟協會","屏東縣","161737","地方特色皂品班","47","16","12000","20250305","20250521"
"中華美容造型休閒保健學會","高雄市","161739","凝膠美甲沙龍實務班","105","20","24250","20250317","20250623"
"中華美容造型休閒保健學會","高雄市","161740","芳療SPA保健應用班","94","20","21710","20250312","20250611"
"社團法人屏東縣終身學習大學教育推廣協會","屏東縣","161742","水晶花首飾製作應用班","47","20","12000","20250219","20250507"
"社團法人屏東縣終身學習大學教育推廣協會","屏東縣","161743","常見犬種寵物照護及美容基礎班","47","16","8900","20250301","20250524"
"社團法人屏東縣終身學習大學教育推廣協會","屏東縣","161744","社群網路行銷概念班","42","16","7950","20250302","20250413"
"社團法人屏東縣終身學習大學教育推廣協會","屏東縣","161745","水塔及家電清洗基礎班","30","16","5690","20250303","20250505"
"社團法人屏東縣終身學習大學教育推廣協會","屏東縣","161747","實用居家風水學班","39","12","7400","20250304","20250527"
"社團法人中華育群人才技藝發展協會","高雄市","161756","旅館管理能力提升培訓班","47","18","8910","20250317","20250630"
"社團法人中華育群人才技藝發展協會","高雄市","161757","人力資源基礎實務班","39","22","7290","20250325","20250617"
"社團法人台灣多元技藝職能協會","高雄市","161758","多媒體影音行銷AI應用實作班","30","23","5600","20250306","20250424"
"社團法人台灣產學研合作發展策進會","高雄市","161759","ISO 14064-1組織型碳盤查實務班","28","25","5290","20250315","20250412"
"社團法人台灣產學研合作發展策進會","高雄市","161761","品牌關鍵行銷實務班","35","25","6610","20250322","20250426"
"屏東縣產職業聯合總工會","屏東縣","161762","芳療舒壓保健實作班","45","14","11950","20250226","20250604"
"屏東縣產職業聯合總工會","屏東縣","161764","芳療舒壓按摩實作班","45","14","11950","20250305","20250611"
"屏東縣產職業聯合總工會","屏東縣","161765","古著翻新應用班","39","14","9990","20250307","20250613"
"屏東縣產職業聯合總工會","屏東縣","161766","傢飾彩繪實務班","47","14","12000","20250308","20250607"
"屏東縣產職業聯合總工會","屏東縣","161767","手工皂實務班","47","16","12000","20250311","20250527"
"正修學校財團法人正修科技大學","高雄市","161769","自媒體數位行銷與生成式AI應用實務班","36","25","6600","20250305","20250416"
"社團法人中華國際企業培訓師協會","高雄市","161773","成本會計基礎班","47","22","8710","20250223","20250427"
"社團法人台灣物業管理產業協會","高雄市","161778","公寓大廈社區營運管理實務班","30","20","5670","20250308","20250412"
"社團法人台灣物業管理產業協會","高雄市","161779","出租套房物業管理實務班","30","20","5670","20250323","20250420"
"社團法人中華菁鷹人才技能學習協會","高雄市","161782","日語會話入門班","47","18","8910","20250319","20250702"
"社團法人中華菁鷹人才技能學習協會","高雄市","161784","日語初級會話班","47","18","8910","20250320","20250710"
"社團法人台灣書畫美術文化交流協會","高雄市","161787","手繪商品設計培訓班","36","20","6500","20250304","20250520"
"社團法人高雄市樹子照顧服務事業發展協會","高雄市","161789","照顧服務業中高階主管管理與領導統御班","16","20","3030","20250322","20250329"
"社團法人高雄市關懷台灣協會","高雄市","161797","繪本應用人員培訓班","36","20","6230","20250306","20250605"
"社團法人高雄市關懷台灣協會","高雄市","161798","創藝彩繪設計進階班","54","20","12000","20250308","20250510"
"社團法人高雄市關懷台灣協會","高雄市","161799","農產品應用實作班","54","20","11000","20250319","20250514"
"社團法人臺灣服務稽核協會","高雄市","161802","實務神秘客培訓班","24","17","4710","20250322","20250324"
"財團法人金屬工業研究發展中心","高雄市","161805","SolidWorks 3D繪圖設計標準課程班","54","20","8910","20250301","20250329"
"社團法人高雄市不動產交易安全協會","高雄市","161807","地政士專業班","120","20","19600","20250226","20250604"
"輔英科技大學","高雄市","161812","故事行銷與手機攝影實務班","36","25","6830","20250301","20250412"
"中華民國指甲彩繪美容職業工會聯合會","高雄市","161819","沙龍手足護理保養與凝膠彩繪美指班","77","20","16250","20250323","20250706"
"社團法人高雄市長榮大學校友會","高雄市","161824","地政士專業班","112","16","18480","20250227","20250605"
"中山學校財團法人高雄市中山高級工商職業學校附設職業訓練中心","高雄市","161826","歐式麵包暨西式點心實作班","63","32","12450","20250308","20250517"
"中山學校財團法人高雄市中山高級工商職業學校附設職業訓練中心","高雄市","161827","藥膳月子調理人員實作班","64","24","12640","20250308","20250503"
"社團法人高雄市新移民多元文化促進協會","高雄市","161829","越南語基礎班","36","20","6500","20250303","20250519"
"社團法人高雄市新移民多元文化促進協會","高雄市","161830","手機攝影與短影音製作班","45","20","8320","20250312","20250521"
"社團法人高雄市新移民多元文化促進協會","高雄市","161831","泰國語基礎班","36","20","6500","20250313","20250605"
"國立高雄大學","高雄市","161836","職場情境日文會話班","33","20","3600","20250319","20250528"
"國立高雄大學","高雄市","161837","職場實務英文班","33","20","4500","20250319","20250528"
"大高雄總工會","高雄市","161839","美甲沙龍設計班","54","22","9000","20250322","20250524"
"高雄市不動產服務業職業工會","高雄市","161841","不動產營業員進階班","21","30","3200","20250225","20250227"
"高雄市不動產服務業職業工會","高雄市","161842","不動產營業員進階班","21","30","3200","20250318","20250320"
"社團法人屏東縣勞工大學教育推廣協會","屏東縣","161848","AI應用與數位行銷班","39","14","7400","20250306","20250612"
"高雄市太陽能設備裝修職業工會","高雄市","161849","太陽光電設計班","49","20","10500","20250309","20250420"
"屏東縣園藝花卉人員業職業工會","屏東縣","161850","園藝栽培與庭園盆栽應用班","45","16","11100","20250304","20250610"
"高雄市多元職能培訓產業工會","高雄市","161851","專業快剪髮藝設計班","84","18","19400","20250304","20250520"
"屏東縣園藝花卉人員業職業工會","屏東縣","161852","庭園園藝美學基礎班","45","16","11100","20250305","20250611"
"屏東縣園藝花卉人員業職業工會","屏東縣","161854","花藝實務班","45","16","11500","20250306","20250626"
"屏東縣園藝花卉人員業職業工會","屏東縣","161855","花藝實務班","45","16","11500","20250307","20250627"
"新竹縣工業會","新竹縣","161856","多益英語閱讀訓練班","36","22","6800","20250304","20250520"
"新竹縣工業會","新竹縣","161857","日語會話中階班","45","22","8310","20250318","20250624"
"屏東縣花藝設計製作職業工會","屏東縣","161867","花藝創意設計班","90","19","20000","20250307","20250627"
"屏東縣花藝設計製作職業工會","高雄市","161868","花藝創意設計班","90","25","20000","20250308","20250628"
"屏東縣花藝設計製作職業工會","屏東縣","161869","花卉創意設計班","45","24","11500","20250311","20250617"
"屏東縣花藝設計製作職業工會","屏東縣","161870","花卉創意設計班","45","24","11500","20250312","20250618"
"高雄市不動產經紀人職業工會","高雄市","161872","不動產經紀營業員專業訓練班","20","23","3550","20250306","20250320"
"正修學校財團法人正修科技大學","高雄市","161875","經絡保健整復應用班","70","18","10800","20250308","20250524"
"社團法人台灣勞工技能訓練協進會","高雄市","161876","韓文會話初級1班","47","20","8910","20250308","20250503"
"社團法人台灣勞工多元學習發展協會","高雄市","161879","國風立領小衫與香蕉褲設計製作班","47","16","11950","20250301","20250426"
"社團法人台灣創造活動發展協會","高雄市","161881","AutoCAD電腦輔助機械製圖班","54","26","8910","20250309","20250511"
"國立澎湖科技大學","澎湖縣","161882","澎湖特色食材烘焙產品實務班","40","24","7900","20250318","20250429"
"實踐大學高雄校區","高雄市","161884","EXCEL函數與ChatGPT資料分析實務班","24","16","3960","20250305","20250423"
"實踐大學高雄校區","高雄市","161885","商務英語溝通實戰應用班","24","15","3960","20250322","20250517"
"高雄市推拿與民俗傳統療法職業工會","高雄市","161891","傳統整復推拿班","120","20","20000","20250303","20250327"
"社團法人臺灣養生創意美食發展協會","高雄市","161892","實用烘焙班","66","20","13610","20250301","20250517"
"社團法人臺灣養生創意美食發展協會","高雄市","161893","梅子加工應用班","66","20","13600","20250302","20250518"
"社團法人臺灣養生創意美食發展協會","高雄市","161894","精緻烘焙班","66","20","13610","20250321","20250613"
"國立屏東科技大學","屏東縣","161897","勞資爭議調解應用實務班","30","12","5670","20250309","20250413"
"國立屏東科技大學","屏東縣","161898","實用日語N5基礎文法班","30","16","5670","20250317","20250623"
"樹德科技大學","高雄市","161899","投資理財實務學士學分班","54","35","8900","20250225","20250502"
"樹德科技大學","高雄市","161900","就業服務人員實務班","36","30","6830","20250321","20250620"
"中華民國港口總工會","高雄市","161905","營業用動力小船駕駛訓練班","96","23","18100","20250301","20250330"
"高雄市傳統整復推拿教育協會","高雄市","161909","民俗調理舒壓技能班","91","20","15760","20250311","20250617"
"高雄市傳統整復推拿教育協會","高雄市","161910","傳統整復推拿調理班","91","20","15760","20250316","20250713"
"中華五術教育產業工會","高雄市","161911","紫微斗數命理應用班","78","16","12800","20250222","20250524"
"高雄市膚質檢測從業人員職業工會","高雄市","161913","保養用品＆清潔用品調製班","91","20","20260","20250308","20250628"
"高雄市膚質檢測從業人員職業工會","高雄市","161914","手工皂技能班","91","20","20260","20250320","20250710"
"高雄市膚質檢測從業人員職業工會","高雄市","161915","手工皂實務班","91","20","20260","20250325","20250701"
"高雄縣工商服務職業工會","高雄市","161918","日語會話實務班","45","16","7380","20250301","20250621"
"高雄縣工商服務職業工會","高雄市","161919","居家飾品彩繪實務班","54","22","10080","20250306","20250508"
"高雄縣職業總工會","高雄市","161923","實用日語會話班","45","16","8460","20250225","20250603"
"高雄縣職業總工會","高雄市","161924","紫微斗數命理實務班","39","22","6900","20250306","20250605"
"高雄縣職業總工會","高雄市","161925","手機攝影短片實務班","45","18","8140","20250312","20250604"
"大高雄傳統整復員職業工會","高雄市","161927","傳統整復推拿刮痧拔罐與實務職能訓練班","72","18","12400","20250301","20250330"
"大高雄傳統整復員職業工會","高雄市","161928","傳統整復推拿刮痧拔罐與實務職能訓練班","72","16","12400","20250305","20250507"
"同德學校財團法人南投縣同德高級中等學校附設職業訓練中心","南投縣","161937","創意伴手禮實務班","56","24","11500","20250308","20250510"
"社團法人台灣多元人力資源發展協會","彰化縣","161938","西式饗宴料理班","48","30","9500","20250314","20250711"
"社團法人彰化縣文創休閒餐旅協會","彰化縣","161939","中餐烹調葷食基礎班","72","25","14850","20250305","20250528"
"社團法人彰化縣文創休閒餐旅協會","彰化縣","161940","下午茶蛋糕甜點班","63","25","12850","20250308","20250510"
"社團法人彰化縣文創休閒餐旅協會","彰化縣","161941","日式星野酵母麵包班","63","25","12950","20250309","20250511"
"社團法人彰化縣文創休閒餐旅協會","彰化縣","161942","熱門米麵食小吃班","77","25","15850","20250315","20250607"
"社團法人臺中市多益國際英語測驗協會","臺中市","161944","多益實力培訓暨應試技巧班","30","28","5670","20250313","20250522"
"中華民國經絡鬆筋整體健康協會","高雄市","161947","經絡調理手技與牛角輔具應用課程班","97","22","16780","20250316","20250622"
"中華民國經絡鬆筋整體健康協會","高雄市","161948","傳統整復推拿初級技術員課程(刮痧與拔罐)班","138","20","23840","20250322","20250719"
"社團法人中國傳統整復療法協會","高雄市","161954","傳統整復推拿技術員單元課程(含法規教育)班","144","18","24500","20250316","20250713"
"社團法人台灣水上安全運動推廣協會","高雄市","161963","浮潛從業人員訓練班","46","18","9120","20250304","20250319"
"樹德科技大學","臺中市","161966","實務神秘客培訓班","24","17","4690","20250221","20250223"
"社團法人高雄市勞資事務協進會附設職業訓練中心","高雄市","161971","營造業甲種職業安全衛生業務主管訓練班","42","23","5400","20250311","20250328"
"屏東縣工業會","屏東縣","161974","手沖與義式咖啡拉花實作班","42","22","9950","20250309","20250427"
"屏東縣工業會","屏東縣","161975","創意皮革打版手縫班","54","24","12020","20250322","20250628"
"財團法人中國生產力中心附設高雄服務處","高雄市","161977","ChatGPT AI智能整合應用班","30","30","5520","20250305","20250409"
"義守大學","高雄市","161979","觀光日文實務訓練班","46","25","8510","20250301","20250613"
"義守大學","高雄市","161980","記帳士專業初階訓練班","78","25","12870","20250322","20250628"
"高雄市星相卜卦與堪輿業職業工會","高雄市","161981","易經卜卦實務班","48","25","5000","20250311","20250515"
"高雄市星相卜卦與堪輿業職業工會","高雄市","161982","室內風水設計實務班","54","25","5300","20250315","20250517"
"高雄市星相卜卦與堪輿業職業工會","高雄市","161983","塔羅占卜實用技能班","48","25","5200","20250325","20250708"
"高雄市語文教學從業人員職業工會","高雄市","161986","韓語實用會話入門班","30","24","5670","20250314","20250523"
"高雄市語文教學從業人員職業工會","高雄市","161987","多益英語能力班","36","22","6660","20250318","20250502"
"高雄市語文教學從業人員職業工會","高雄市","161988","韓語會話應用入門班","30","22","5670","20250325","20250527"
"高雄市總工會","高雄市","161996","生活家飾彩繪實務班","48","25","7700","20250225","20250513"
"高雄市總工會","高雄市","161997","創意時尚服裝打版縫紉班","54","20","10500","20250306","20250520"
"高雄市總工會","高雄市","161998","清潔用品及保養品調製班","54","25","8550","20250315","20250517"
"臺東縣經絡調理服務人員職業工會","臺東縣","162002","傳統整復推拿調理員課程班","54","18","9350","20250308","20250330"
"社團法人中華育群人才技藝發展協會","臺中市","162009","室內園藝景觀植物栽培應用班","42","19","9200","20250309","20250427"
"屏東縣各業勞動力就業推廣協會","屏東縣","162010","快剪實務班","64","20","14750","20250309","20250622"
"屏東縣推拿與民俗傳統療法服務業職業工會","屏東縣","162013","傳統整復推拿技術員課程A班","126","24","21800","20250301","20250426"
"社團法人彰化縣身心障礙者無障礙發展協會","彰化縣","162014","傳統圖紋與時尚皮革應用設計班","48","22","10280","20250304","20250617"
"屏東縣推拿與民俗傳統療法服務業職業工會","屏東縣","162015","肌肉評估/調理與經絡調理實務班","144","24","24900","20250314","20250712"
"全國工人總工會","彰化縣","162020","烘焙麵包實務技能訓練班","54","30","10500","20250310","20250707"
"全國工人總工會","彰化縣","162021","亞洲特色料理班","54","30","10500","20250312","20250709"
"彰化縣米食製品從業人員職業工會","彰化縣","162022","異國料理實作班","54","30","10500","20250310","20250707"
"彰化縣米食製品從業人員職業工會","彰化縣","162023","食物製備技能班","54","30","10500","20250318","20250715"
"臺灣管理顧問業產業工會","臺中市","162024","勞動基準法解析及案例研討班","30","20","5620","20250301","20250329"
"社團法人屏東縣生涯發展協會","屏東縣","162029","職涯發展與生涯規劃設計班","24","16","4740","20250322","20250419"
"高雄市外燴飲食職業工會","高雄市","162032","總舖師料理班","100","25","20600","20250301","20250419"
"高雄市製粉加工職業工會","高雄市","162035","烘焙麵食造型班","100","25","20600","20250308","20250426"
"社團法人中華芳香調理教育學會","高雄市","162037","芳香調理專業員培訓班","72","20","16630","20250301","20250510"
"社團法人中華民國人身安全管理公益協會","高雄市","162038","初級救護技術員訓練班","48","25","6580","20250301","20250316"
"中華民國指甲彩繪美容職業工會聯合會","桃園市","162040","凝膠美甲彩繪創作設計班","84","25","16750","20250308","20250607"
"中華民國指甲彩繪美容職業工會聯合會","桃園市","162041","沙龍手部護理與凝膠造型彩繪班","77","25","15250","20250316","20250615"
"中原大學","桃園市","162043","財務金融實務應用班","24","30","4500","20250308","20250329"
"中原大學","桃園市","162044","實用韓語應用實務班","36","20","6800","20250310","20250526"
"社團法人台灣健康美學發展協會","新竹縣","162047","幾何折疊托特包開版實作班","56","22","12470","20250301","20250426"
"苗栗縣總工會","苗栗縣","162049","時尚咖啡飲品調製班","47","18","10000","20250308","20250503"
"苗栗縣總工會","苗栗縣","162050","芳香照護實務應用班","47","18","11400","20250306","20250703"
"苗栗縣總工會","苗栗縣","162053","乾燥花與永生花設計美學手作班","47","18","10800","20250307","20250704"
"社團法人中華人才交流協會","臺中市","162054","不動產經紀相關法規實務班","33","18","5400","20250313","20250605"
"苗栗縣總工會","苗栗縣","162056","蝶谷巴特複合式媒材拼貼藝術實作班","47","18","10800","20250305","20250618"
"社團法人中華國際技能交流協會","臺中市","162057","企業淨零碳規劃管理實務訓練班","42","22","7720","20250220","20250327"
"社團法人桃園市天韻音樂協會","桃園市","162059","流行音樂古箏彈奏實務班","72","20","11990","20250308","20250607"
"社團法人桃園市天韻音樂協會","桃園市","162060","流行音樂二胡拉弦演奏班","72","20","11520","20250309","20250608"
"苗栗縣骨節整復職業工會","苗栗縣","162061","傳統整復推拿(含腳底按摩)技術訓練班","128","25","15600","20250301","20250427"
"嘉義市工商服務職業工會","嘉義市","162063","創意生活木質家具訓練班","60","29","13360","20250304","20250506"
"嘉義市工商服務職業工會","嘉義市","162064","綠美化園藝植栽訓練班","54","26","11580","20250323","20250525"
"嘉義市總工會","嘉義市","162067","時尚布藝創意袋包設計班","60","30","13360","20250225","20250429"
"嘉義市總工會","嘉義市","162068","創意點心手作烘焙訓練班","60","28","12370","20250308","20250517"
"嘉義市總工會","嘉義市","162069","流行服裝打版訓練班","54","26","12020","20250312","20250507"
"嘉義市總工會","嘉義市","162070","園藝植栽訓練班","54","29","11580","20250312","20250507"
"社團法人台灣資產評估協會","高雄市","162071","買賣房屋評估與修繕工程實務班","39","18","7000","20250325","20250617"
"財團法人鞋類暨運動休閒科技研發中心","高雄市","162075","經典鞋品實作班","54","20","12020","20250308","20250510"
"財團法人鞋類暨運動休閒科技研發中心","高雄市","162076","袋包設計開發與基礎針車操作班","54","20","12020","20250316","20250525"
"中華藝能文創產業工會","高雄市","162078","手機拍攝技巧實務班","36","18","6300","20250322","20250503"
"嘉義市成衣服飾整理加工業職業工會","嘉義市","162080","服裝染繪訓練班","60","31","13360","20250316","20250525"
"中華民國公寓大廈管理服務職業總工會","高雄市","162087","綠能公寓大廈事務人員班","48","30","8310","20250322","20250413"
"社團法人臺中市嬰幼兒福利聯合會","臺中市","162089","嬰幼兒按摩訓練班","18","30","3330","20250308","20250322"
"社團法人台灣手工藝文創協會","臺中市","162091","香氛蠟藝實務班","47","25","12030","20250308","20250426"
"高雄市飾品加工職業工會","高雄市","162094","手工皂與直播電商實作班","60","25","9950","20250308","20250517"
"國立中興大學","臺中市","162097","TTQS企業機構版指標課程班","24","25","4320","20250312","20250409"
"國立中興大學","臺中市","162098","職場人際溝通實務班","36","24","6660","20250325","20250617"
"彰化縣職能技藝發展協會","彰化縣","162105","米麵食料理製作班","54","30","10500","20250311","20250708"
"台中市室內裝潢業職業工會","臺中市","162106","建築物室內裝修工程管理實務班","66","30","8000","20250308","20250524"
"台中市室內裝潢業職業工會","臺中市","162107","室內裝修工程識圖與估價初階班","48","25","7440","20250315","20250510"
"社團法人中華菁鷹人才技能學習協會","臺中市","162109","金融資產投資理財規劃實務班","42","18","7890","20250317","20250505"
"屏東縣傳統整復員職業工會","屏東縣","162110","傳統整復推拿技術員手法課程班","94","18","16280","20250302","20250504"
"新竹市中餐服務人員職業工會","新竹市","162113","中餐烹調實務訓練班","60","25","12370","20250321","20250606"
"社團法人中華民國數位科技推廣協會","臺中市","162114","AI生成與創意設計：Illustrator實戰應用班","42","22","7920","20250315","20250503"
"社團法人台灣職能培育協會","彰化縣","162117","中式點心烘焙班","54","30","10500","20250304","20250701"
"社團法人台灣職能培育協會","彰化縣","162118","西點蛋糕技能班","48","30","9500","20250306","20250703"
"社團法人台灣職能培育協會","彰化縣","162119","中餐料理實務班","48","30","9500","20250313","20250710"
"高雄市就業服務商業同業公會","高雄市","162120","就業服務與勞動法令輔導班","33","23","6230","20250308","20250419"
"社團法人台灣多元性設計創作協會","臺中市","162135","AutoCAD精密機械設計製圖班","54","23","8910","20250309","20250511"
"社團法人台灣多元性設計創作協會","臺中市","162136","Youtube影音特效剪輯實務班","54","20","8910","20250309","20250511"
"社團法人台灣創造活動發展協會","臺中市","162139","AI應用文書軟體實務應用班","54","20","8910","20250308","20250517"
"社團法人台灣創造活動發展協會","臺中市","162140","AutoCAD精密機械設計製圖班","54","26","8910","20250309","20250511"
"彰化縣工業會","彰化縣","162143","碳盤查(ISO14064-1、ISO14067)內部稽核人員訓練專班","36","21","6010","20250315","20250426"
"臺中市不動產經紀人公會","臺中市","162148","不動產營業員複訓班","20","35","3500","20250325","20250327"
"臺中市飾品創作市集交流發展協會","臺中市","162150","皮革創作應用手縫班","90","24","16600","20250302","20250629"
"社團法人台灣職業訓練多元發展協會","臺中市","162151","兩穿抽皺衫與哈倫褲實作班","72","18","15950","20250301","20250524"
"臺灣總工會附設職業訓練中心","臺中市","162154","皮革與帆布混搭打版製作班","72","25","12910","20250308","20250607"
"社團法人台灣職場技能協進會","臺中市","162157","越南語初級班","36","20","6780","20250222","20250412"
"社團法人台灣藝術人文與教育科技協會","臺中市","162161","ESG永續經營與碳盤查管理班","42","13","7900","20250323","20250504"
"社團法人台灣藝術人文與教育科技協會","臺中市","162162","Python程式設計基礎與AI 機器學習應用班","48","12","9030","20250323","20250518"
"社團法人臺中市生活藝能美學協進會","臺中市","162164","禪繞畫美學繪圖班","40","15","8340","20250304","20250513"
"社團法人臺中市生活藝能美學協進會","臺中市","162165","鑲嵌玻璃工藝設計班","52","30","11500","20250305","20250611"
"社團法人臺中市生活藝能美學協進會","臺中市","162166","中日茶藝展演班","48","20","8700","20250322","20250524"
"臺灣總工會","臺中市","162167","皮革工藝基礎打版製作班","54","25","8610","20250311","20250506"
"財團法人中國生產力中心附設中區服務處","臺中市","162173","AutoCAD繪圖實務班","54","20","10150","20250310","20250421"
"財團法人中國生產力中心附設中區服務處","臺中市","162174","SolidWorks零件設計與曲線應用班","54","20","10700","20250318","20250522"
"中華民國人體彩繪從業人員職業工會全國聯合會","臺中市","162181","花魁藝術彩繪整體造型自媒體行銷進階班","72","25","15400","20250313","20250605"
"中華產業人才認證學會","桃園市","162182","新制多益英文聽力閱讀訓練班","45","20","8500","20250317","20250623"
"台中市飾品加工職業工會","臺中市","162183","皮雕工藝手縫班","90","24","16600","20250306","20250626"
"台中市飾品加工職業工會","臺中市","162184","皮革雕刻工藝手縫班","90","24","16600","20250308","20250628"
"中華產業人才認證學會","桃園市","162185","初級Excel及自動化處理應用班","45","20","8500","20250310","20250505"
"彰化縣美容美髮用品器材製造裝修職業工會","彰化縣","162186","美髮造型與用品器材操作進階班","78","30","16300","20250316","20250629"
"財團法人鞋類暨運動休閒科技研發中心","臺中市","162189","皮件設計人員班","144","18","31990","20250308","20250608"
"財團法人鞋類暨運動休閒科技研發中心","臺中市","162190","皮件手工藝設計助理班","54","20","12020","20250309","20250518"
"財團法人鞋類暨運動休閒科技研發中心","臺中市","162191","時尚女包與基礎針車操作班","36","18","8100","20250316","20250427"
"社團法人台灣省安全衛生教育協會附設高雄職業訓練中心","高雄市","162196","急救人員訓練班","16","20","3020","20250312","20250319"
"國立高雄大學","臺中市","162202","OFFICE辦公室整合應用班","48","25","7400","20250311","20250508"
"社團法人台灣整體美國際交流協會","高雄市","162203","美甲技能實務班","98","20","22630","20250312","20250611"
"高雄中餐服務人員職業工會附設職業訓練中心","高雄市","162204","中餐烹調技能班","87","30","17940","20250310","20250516"
"高雄市理燙髮美容業職業工會附設職業訓練中心","高雄市","162206","美容進階班","98","20","22630","20250313","20250619"
"高雄市理燙髮美容業職業工會附設職業訓練中心","高雄市","162207","美容技能實務班","98","20","22630","20250314","20250627"
"全國美容美髮業產業工會","高雄市","162208","時尚剪染吹造型實務班","98","20","22630","20250309","20250622"
"高雄市理燙髮美容業職業工會","高雄市","162212","男子理髮技能實務班","98","20","22630","20250311","20250610"
"高雄市理燙髮美容業職業工會","高雄市","162213","美髮進階班","98","20","22630","20250311","20250610"
"高雄市理燙髮美容業職業工會","高雄市","162214","男士快剪燙髮造型及頭皮按摩實務班","98","20","22630","20250313","20250619"
"中華民國經絡鬆筋整體健康協會","臺北市","162216","經絡調理手技與牛角輔具應用課程班","97","22","16770","20250306","20250619"
"中華民國經絡鬆筋整體健康協會","臺北市","162217","傳統整復推拿初級技術員課程(刮痧與拔罐)班","138","20","20700","20250308","20250517"
"中華民國經絡鬆筋整體健康協會","臺北市","162218","經絡調理手技與牛角輔具應用班","77","22","13310","20250308","20250517"
"中華民國經絡鬆筋整體健康協會","臺北市","162219","被動式肌肉按摩與關節放鬆實作班","70","20","12090","20250318","20250520"
"宜蘭縣仲介業從業人員職業工會","宜蘭縣","162231","不動產營業員複訓班","21","20","3900","20250311","20250313"
"宜蘭縣租賃住宅服務商業同業公會","宜蘭縣","162236","租賃住宅管理人員訓練班","31","21","5800","20250317","20250320"
"宜蘭縣推銷員職業工會","宜蘭縣","162238","客製化觀光產業傢飾品製作實務班","84","16","16100","20250315","20250614"
"社團法人中華不動產職能訓練發展協會","宜蘭縣","162242","不動產經紀人實務訓練班","30","20","5650","20250308","20250316"
"社團法人台灣國際工商人才發展交流協會","臺北市","162247","多益商務英文聽力實用班","24","20","4500","20250317","20250519"
"社團法人宜蘭縣職涯發展協會","宜蘭縣","162248","木工工藝設計班","102","25","18400","20250304","20250506"
"社團法人臺北市第二專長協會","臺北市","162250","職場英文實務會話班","30","22","5650","20250307","20250516"
"社團法人臺北市第二專長協會","臺北市","162251","AI實務應用班","42","25","7900","20250303","20250416"
"社團法人臺灣服務稽核協會","臺北市","162255","實務神秘客培訓班","24","17","4760","20250307","20250309"
"基隆市全民勞工總工會","基隆市","162259","全球金融市場分析及資產配置班","36","25","7850","20250301","20250412"
"基隆市建築材料業職業工會","基隆市","162265","家用電器保養與檢修實作班","42","25","10750","20250302","20250420"
"基隆市建築材料業職業工會","基隆市","162266","居家住宅風水格局設計班","42","25","9750","20250301","20250419"
"新北市冰果冷飲服務業職業工會","新北市","162271","糖霜餅乾文創實務班","42","36","8220","20250223","20250413"
"臺北市公務機關總工會","臺北市","162277","實用英語聽說讀寫班","54","23","8690","20250301","20250503"
"臺北市芳薰香植物精油服務人員職業工會","臺北市","162279","芳香精油調製應用實務班","56","30","12500","20250301","20250426"
"臺北市保險業務職業工會","臺北市","162280","保險經紀人訓練班","47","25","9350","20250308","20250503"
"臺北市保險業務職業工會","臺北市","162283","保險從業人員民法實務及案例解析班","30","30","5690","20250313","20250605"
"臺北市解說員職業工會","臺北市","162285","觀光美食解說班","63","40","12810","20250221","20250509"
"臺北市翻譯業職業工會","臺北市","162286","電子書出版實務班","47","20","8800","20250315","20250621"
"社團法人宜蘭縣美學才藝發展協會","宜蘭縣","162288","陶瓷彩繪應用設計班","54","18","10800","20250224","20250423"
"社團法人宜蘭縣美學才藝發展協會","宜蘭縣","162289","創意整體造型設計班","96","18","19700","20250306","20250626"
"中國科技大學","臺北市","162292","綠生活香氛設計班","30","20","7470","20250308","20250412"
"中華民國不動產代銷經紀商業同業公會全國聯合會","臺北市","162293","房屋買賣法律與稅務實務訓練班","36","17","6800","20250308","20250419"
"中華產業人才認證學會","新北市","162308","日文Ｎ４進階班","45","20","8500","20250306","20250626"
"台北市職業總工會","臺北市","162309","商務英文會話班","45","18","8520","20250304","20250424"
"中華產業人才認證學會","新北市","162310","日文Ｎ３中級班","45","20","8500","20250318","20250624"
"中華產業人才認證學會","新北市","162312","日文Ｎ１高級班","45","20","8500","20250319","20250625"
"中華產業人才認證學會","臺北市","162313","韓語發音及實用會話基礎班","45","20","8500","20250319","20250709"
"中華產業人才認證學會","臺北市","162315","韓語實用會話初級班","45","20","8500","20250318","20250624"
"台北市電器商業同業公會","臺北市","162321","Excel X ChatGPT數據分析應用班","42","38","6720","20250322","20250510"
"台北市網路技術研發人員職業工會","臺北市","162324","Photoshop技巧處理與設計實務班","36","28","6830","20250312","20250528"
"台北市保險業職業工會","臺北市","162325","道路交通事故處理實務班","30","25","4950","20250304","20250401"
"台北市總工會","臺北市","162326","傳統小吃與異國風情料理班","64","36","12800","20250308","20250330"
"台北市保險業職業工會","臺北市","162327","民法總則暨物權實務研析班","42","25","7140","20250305","20250416"
"台北市流行音樂產業工會","臺北市","162328","流行音樂歌唱人員創意訓練班","46","24","8690","20250225","20250603"
"宜蘭縣木材商業同業公會","宜蘭縣","162331","建築創意家俱美學佈置實作班","102","25","20000","20250312","20250530"
"社團法人中華育群人才技藝發展協會","臺北市","162335","法語初級會話班","47","18","8910","20250306","20250626"
"社團法人中華育群人才技藝發展協會","臺北市","162336","韓語會話入門班","47","18","8910","20250303","20250623"
"財團法人水源地文教基金會","臺北市","162337","藍染美學蠟染實作班","42","24","10740","20250309","20250427"
"社團法人中華民國人才育成協會","臺北市","162338","CANVA商業設計AI實務班","30","25","6230","20250321","20250606"
"社團法人中華民國人才育成協會","臺北市","162339","銷售與溝通管理技巧班","30","24","5950","20250303","20250505"
"財團法人水源地文教基金會","臺北市","162340","化妝保養品配方設計調製實作班","42","24","10740","20250308","20250426"
"社團法人中華民國勞動力發展協會","臺北市","162346","常見企業簽約實務班","30","25","4890","20250315","20250419"
"社團法人中華活力職能發展協會","臺北市","162350","套房設計裝修與租賃管理人才培訓班","35","25","6510","20250313","20250417"
"台北市工業會","臺北市","162351","ChatGPT行銷應用實作班","30","23","5050","20250302","20250330"
"社團法人中華美妍技術國際交流協會","臺北市","162357","芳香紓壓調理保健技能實務班","60","24","13760","20250315","20250524"
"社團法人宜蘭縣餐飲推廣協會","宜蘭縣","162359","複合式餐飲烘焙訓練班","96","30","18700","20250223","20250622"
"社團法人中華美容技藝促進協會附設職業訓練中心","新北市","162360","美容皮膚與諮詢服務訓練班","36","20","7000","20250308","20250419"
"社團法人宜蘭縣餐飲推廣協會","宜蘭縣","162361","中餐烹調訓練班","60","20","12350","20250226","20250418"
"花蓮縣新風貌促進會","花蓮縣","162364","食尚甜點烘焙實務班","54","20","10900","20250225","20250429"
"台灣區電機電子工業同業公會","臺北市","162367","永續發展專業人才訓練基礎班","24","25","4550","20250305","20250326"
"致理學校財團法人致理科技大學","新北市","162369","記帳士-租稅申報實務班","42","25","6500","20250308","20250510"
"財團法人中華民國勞工教育研究發展中心","臺北市","162371","數位行銷經營與平台操作應用基礎班","30","22","5690","20250323","20250427"
"高雄市新娘秘書從業人員職業工會","高雄市","162373","新娘婚禮妝髮實務班","72","20","15680","20250303","20250519"
"高雄市新娘秘書從業人員職業工會","高雄市","162374","永生花婚禮配飾應用設計班","42","20","9130","20250318","20250429"
"社團法人中華成人教育認證協會","高雄市","162378","Excel職場函數與自動化實務班","42","22","7860","20250305","20250604"
"社團法人中華成人教育認證協會","高雄市","162379","多益必備詞彙與聽力閱讀實戰班","42","25","7370","20250312","20250618"
"社團法人中華國際文創交流協會","新北市","162383","ESG永續碳足跡管理實務班","36","30","5520","20250309","20250420"
"財團法人中華民國勞工教育研究發展中心","臺北市","162384","Podcast聲音自媒體企製與錄音工程基礎班","36","22","6830","20250309","20250420"
"社團法人高雄市夢想城市發展協會","高雄市","162385","企業稅務管理實務班","49","22","7980","20250309","20250427"
"社團法人高雄市夢想城市發展協會","高雄市","162386","Illustrator與AI輔助平面設計實務班","49","22","7990","20250315","20250503"
"社團法人高雄市夢想城市發展協會","高雄市","162387","影音剪輯與AI創作應用班","45","22","8060","20250318","20250624"
"社團法人高雄市夢想城市發展協會","高雄市","162388","AI輔助2D遊戲製作實務班","42","19","7900","20250323","20250504"
"社團法人中華國際文創交流協會","臺北市","162393","口語表達與高效溝通技巧班","30","22","4900","20250316","20250420"
"社團法人中華人才交流協會","臺北市","162395","永續綠時尚牛仔客製翻新創意實作班","70","25","12320","20250302","20250511"
"社團法人中華國際文創交流協會","新北市","162398","Python大數據網路爬蟲資料分析實戰班","48","27","7140","20250308","20250510"
"高雄市總工業會","高雄市","162400","服裝修改製作實務班","54","20","12000","20250223","20250504"
"高雄縣美姿禮儀造型職業工會","高雄市","162405","客製化形象塑造培訓班","77","18","17500","20250308","20250524"
"社團法人中華微創菁英教育協會","新北市","162406","創意生活產業服務行銷實務班","36","30","5400","20250322","20250503"
"財團法人中華民國貿易教育基金會","臺北市","162409","跨境電商行銷人才培訓班","30","23","5690","20250312","20250418"
"大高雄人體彩繪從業人員職業工會","高雄市","162413","網紅美睫創意設計技巧變化班","48","18","11080","20250223","20250420"
"台灣傳統整復推拿產業工會","高雄市","162417","傳統整復推拿調理職能訓練班","112","26","19400","20250308","20250427"
"財團法人台灣建築中心","新北市","162418","淨零建築能效BERS導入實務班","18","30","3410","20250312","20250314"
"社團法人中華民國瑜伽舞蹈養生協會","臺北市","162419","瑜珈教學人員應用實務班","72","20","11520","20250316","20250615"
"台灣體適能產業工會","高雄市","162420","徒手肌力下肢與核心整合訓練班","39","22","7400","20250224","20250410"
"國立臺北商業大學","臺北市","162424","Python財經大數據爬蟲與分析實務班","48","32","7920","20250308","20250510"
"社團法人中華民國瑜伽舞蹈養生協會","新北市","162425","心肺有氧與運動按摩實務A班","42","20","7780","20250308","20250621"
"社團法人中華民國瑜伽舞蹈養生協會","臺北市","162427","心肺有氧與運動按摩實務B班","42","20","7780","20250315","20250628"
"基隆市皮革品製作職業工會","基隆市","162428","現代皮革工藝實務班","54","29","9790","20250314","20250516"
"社團法人中華職業技能發展學會","屏東縣","162429","初級救護技術員訓練班","62","25","10710","20250307","20250330"
"社團法人中華民國瑜伽舞蹈養生協會","新北市","162434","流行MV舞派對有氧班","30","20","5670","20250311","20250617"
"社團法人中華芳香調理教育學會","新北市","162438","芳香調理專業員培訓班","72","20","16630","20250309","20250525"
"美和學校財團法人美和科技大學","屏東縣","162441","地方特色小吃實務班","52","20","8000","20250307","20250613"
"美和學校財團法人美和科技大學","屏東縣","162442","多元料理及米麵食班","52","20","8000","20250313","20250612"
"臺北市才藝教學服務人員職業工會","臺北市","162446","羊毛氈商品設計創作班","42","30","8760","20250224","20250526"
"大高雄女子燙髮職業工會","高雄市","162447","美髮專修進階班","98","20","22630","20250315","20250621"
"臺北市不動產經紀人員職業工會","臺北市","162449","不動產地政士培訓實務班","42","30","7960","20250225","20250527"
"臺北市不動產經紀人員職業工會","臺北市","162451","房地產相關稅務法規與案例實務班","30","30","5690","20250320","20250605"
"澎湖縣指甲彩繪美容職業工會","澎湖縣","162453","凝膠沙龍彩繪穿戴甲應用班","60","20","12650","20250224","20250317"
"澎湖縣指甲彩繪美容職業工會","高雄市","162454","指尖潮流時尚創意設計班","91","18","21020","20250305","20250528"
"澎湖縣指甲彩繪美容職業工會","屏東縣","162456","穿戴甲素描實用技能班","105","18","24250","20250316","20250706"
"新北市工商團體會務工作人員職業工會","新北市","162458","記帳士-稅務申報實務班","54","30","8000","20250321","20250528"
"社團法人高雄市職業訓練創新發展協會","高雄市","162468","提升職場創意與決策力之心智圖實務班","32","20","6270","20250309","20250413"
"臺北市美容美髮用品從業人員職業工會","臺北市","162470","環保精油冷製手工皂實務班","54","24","10900","20250308","20250510"
"新北市手工藝品商業同業公會","新北市","162473","運用CANVA AI促進展銷班","45","24","8530","20250304","20250610"
"臺北市輔育人員職業工會","臺北市","162475","英語繪本STEAM師資培訓班","24","30","4550","20250226","20250423"
"臺北市輔育人員職業工會","臺北市","162477","手編織棒針 V領背心領口實務班","36","30","7500","20250306","20250605"
"新北市美工編輯設計職業工會","臺北市","162479","AI生成式工具與電商經營實務應用班","45","24","8720","20250224","20250417"
"社團法人台灣城鄉發展協會","新北市","162480","茶藝經營與品評技巧實務班","36","30","5550","20250309","20250420"
"大臺北職業總工會","臺北市","162486","咖啡感官訓練班","42","25","9850","20250301","20250419"
"台北市電影電視演藝業職業工會","臺北市","162488","口語主持表達實務訓練班","55","24","9070","20250224","20250428"
"宜蘭縣玩具暨兒童用品業職業工會","宜蘭縣","162492","親子牛仔布應用生活布品創意製作班","102","20","22250","20250319","20250625"
"桃園市民有市場零售攤販職業工會","桃園市","162494","中式麵食加工發麵類技能班","92","25","18970","20250323","20250713"
"社團法人台灣藝術教育發展協會","臺北市","162495","影像編修與AI藝術插畫創作設計班","30","30","4950","20250310","20250409"
"新北市飲料調製運送服務職業工會","新北市","162497","生機調飲與養生輕食班","60","24","10410","20250316","20250525"
"台北市電影戲劇業職業工會","臺北市","162503","生成式AI圖像與影音實作班","32","25","6040","20250301","20250323"
"社團法人臺灣華夏休旅交流促進會","臺北市","162507","商用韓語應用班","42","20","7330","20250309","20250427"
"全國產職業總工會","臺北市","162509","製造業採購技巧與供應商管理訓練班","45","18","8520","20250304","20250424"
"社團法人新竹市職訓教育協會","新竹市","162513","新多益聽力及閱讀訓練班","45","22","8500","20250307","20250428"
"桃園市冰熱品暨烘焙製造職業工會","桃園市","162515","翻玩咖啡暨手作烘焙班","90","25","18550","20250314","20250702"
"全國勞工聯合總工會","臺北市","162522","手作烘焙點心班","47","36","10810","20250307","20250418"
"台灣省電工器材業產業工會聯合會","新竹市","162527","日文初級班","33","24","6110","20250304","20250513"
"苗栗縣工業會","苗栗縣","162529","金屬工藝打金飾品設計製作班","42","18","10720","20250309","20250427"
"中華民國幸福城市營造發展協會","新北市","162539","金工創意飾品鑲嵌班","54","25","11800","20250223","20250427"
"社團法人台灣勞動力培訓發展協會","新北市","162546","養生調飲與港式點心製作班","24","24","5650","20250308","20250329"
"桃園市汽機車貨物運送職業工會","桃園市","162547","機車修護技術訓練班","96","25","21380","20250302","20250629"
"社團法人中華創業育成培訓發展協會","新北市","162556","文創商品製作與網路開店行銷實務班","36","30","5870","20250323","20250504"
"亞東學校財團法人亞東科技大學","新北市","162561","實用職場英文班","36","13","5940","20250317","20250602"
"亞東學校財團法人亞東科技大學","新北市","162562","多益英文班","36","15","5940","20250318","20250603"
"亞東學校財團法人亞東科技大學","新北市","162563","觀光英語與生活英文會話班","36","18","5940","20250319","20250611"
"亞東學校財團法人亞東科技大學","新北市","162564","Photoshop／Illustrator影像與數位繪圖整合設計實務班","36","14","5940","20250325","20250610"
"財團法人農業科技研究院","新竹市","162566","智慧農業無人機應用3D建模空拍學習進階班","42","30","9500","20250315","20250426"
"中華皮革工藝師協會","新北市","162568","男士酷愛雙拉鍊包打版＆削皮機應用班","54","20","11800","20250304","20250422"
"中華知識管理協會","高雄市","162571","精實生產與全面品質管理實務班","24","22","4500","20250305","20250326"
"中華知識管理協會","高雄市","162572","績效管理與應用訓練班","28","24","5300","20250308","20250329"
"宜蘭縣指甲彩繪美容職業工會","宜蘭縣","162575","美睫3D嫁接技能初階班","42","18","11110","20250311","20250415"
"宜蘭縣商店售貨服務人員職業工會","宜蘭縣","162576","皮革袋包商品開版縫製技能班","54","23","12000","20250323","20250525"
"中國科技大學","新竹縣","162577","溫馨手作烘焙班","36","20","7950","20250315","20250426"
"社團法人台灣國際鬆筋保健按摩協會","桃園市","162578","砭術鬆筋手技實務班","72","20","11940","20250323","20250622"
"中國科技大學","新竹縣","162579","花藝美學設計班","36","20","8300","20250315","20250503"
"台灣美髮美容美體業產業工會","桃園市","162580","時尚美睫實戰與視覺行銷策略班","42","18","11110","20250319","20250618"
"社團法人台灣視覺創意設計協會","臺中市","162581","平面廣告設計暨illustrator印刷實務班","49","20","6850","20250308","20250426"
"社團法人苗栗縣體育促進會","苗栗縣","162587","流行mv舞蹈訓練班","36","16","6800","20250303","20250630"
"社團法人苗栗縣體育促進會","苗栗縣","162588","哈達瑜珈進階班","34","18","6420","20250304","20250624"
"社團法人苗栗縣體育促進會","苗栗縣","162589","肚皮舞訓練班","32","18","6030","20250306","20250626"
"社團法人中華中小企業財務顧問協會","臺北市","162592","會計基礎與稅務申報實務班","36","25","5400","20250315","20250426"
"宜蘭縣婚禮設計服務人員職業工會","宜蘭縣","162593","中式婚宴禮服設計製作班","54","18","12000","20250322","20250524"
"社團法人中華民國居家用品創意翻新協會","高雄市","162596","成衣女裝製作基礎班","126","20","28000","20250322","20250719"
"台北市雙北市產業總工會","新北市","162598","金工基礎技能班","54","25","11800","20250303","20250421"
"健行學校財團法人健行科技大學","桃園市","162599","AI應用實務班","42","20","6520","20250309","20250427"
"健行學校財團法人健行科技大學","桃園市","162600","職場多益英語文法應用班","36","20","5120","20250309","20250420"
"社團法人中華民國民俗調理教育發展協會","臺北市","162604","健康管理相關從業人員實務之營養與養生經絡班","30","20","5670","20250315","20250419"
"社團法人中華民國工業協進會","臺北市","162607","職場生活日文班","42","24","7880","20250310","20250623"
"社團法人中華民國工業協進會","臺北市","162608","實用韓國語會話班","42","24","7870","20250312","20250618"
"社團法人中華兩岸全方位家庭發展協會","臺北市","162609","產後專業照顧服務人員培訓班","42","20","8330","20250309","20250329"
"中華民國全國航空業總工會","桃園市","162612","飛機修護進階班","128","18","28460","20250309","20250622"
"社團法人中華勞動人才發展協會","新北市","162615","日文─N5訓練班","42","20","7850","20250308","20250426"
"財團法人中華民國職業訓練研究發展中心","臺北市","162621","職場心理學實務應用班","30","25","5400","20250316","20250420"
"社團法人中華勞動人才發展協會","新北市","162623","日文─N4能力提昇班","42","20","7840","20250225","20250418"
"苗栗縣運動舞蹈職業工會","苗栗縣","162627","全方位瑜珈訓練班","32","16","5900","20250304","20250617"
"苗栗縣運動舞蹈職業工會","苗栗縣","162628","全方位拉丁舞進階班","45","17","8350","20250307","20250627"
"苗栗縣運動舞蹈職業工會","苗栗縣","162629","拉丁表演人才訓練班","47","16","8600","20250307","20250627"
"社團法人台灣國際專案管理師協會","臺北市","162636","PMP專案管理流程實務班","42","25","7060","20250315","20250413"
"社團法人中華第二專長發展協會","臺北市","162637","手沖咖啡調製班","42","25","8650","20250308","20250426"
"台北市雙北市產業總工會","新北市","162638","皮革袋包＆DY針車結構班","54","25","11800","20250303","20250421"
"社團法人台灣社區活化協會","高雄市","162640","手沖咖啡萃取品評與拉花實作班","45","24","8270","20250323","20250518"
"長榮大學","高雄市","162652","CQT品質管理技術人員訓練班","47","19","8800","20250330","20250608"
"社團法人中華巨倫人才培訓協會","臺中市","162654","西班牙語初級班","47","18","8910","20250317","20250630"
"社團法人中華民國腳底按摩協會","臺北市","162658","腳底按摩基礎理論與從業實務班","46","20","7820","20250309","20250421"
"高雄市職能培訓作業人員職業工會","高雄市","162659","男士快剪燙髮造型及頭皮按摩實務班","98","20","22630","20250308","20250621"
"高雄市職能培訓作業人員職業工會","高雄市","162660","手機拍攝技巧與APP後製應用班","36","20","6800","20250314","20250425"
"高雄市職能培訓作業人員職業工會","高雄市","162661","手機拍攝技巧與APP後製應用班","36","20","6800","20250324","20250428"
"台灣勞動教育產業工會","高雄市","162664","香氛手工皂與矽膠模型製作應用班","54","25","10660","20250325","20250529"
"台中市不動產經紀人職業工會","臺中市","162670","不動產民法與土地相關法規實務班","132","21","21780","20250308","20250525"
"桃園市人力資源管理協會","桃園市","162672","進階職場生活日語應用班","45","20","8500","20250307","20250627"
"高雄市企業發展諮詢輔導人員職業工會","高雄市","162673","財稅會計與財務規劃實務班","35","22","6640","20250223","20250330"
"社團法人中華職安科技協會","臺北市","162677","ESG淨零碳規劃管理人員訓練實務班","41","30","6760","20250308","20250323"
"中華數位人資應用管理協會","新竹縣","162679","勞動法令與就業服務訓練班","54","20","8910","20250308","20250503"
"社團法人台灣社區活化協會","臺北市","162680","微電商營運與社群行銷整合實戰班","36","30","5290","20250322","20250503"
"社團法人中華造型藝術學會","新北市","162684","美容彩妝技能實務A班","98","20","22630","20250315","20250628"
"社團法人台灣租賃住宅市場發展及管理協會","臺北市","162688","包租代管主管培訓班","42","20","7900","20250322","20250517"
"高雄西餐服務人員職業工會","高雄市","162689","西式餐點烹調技能班","87","30","17940","20250324","20250602"
"彰化縣職業工會總工會","彰化縣","162694","住宅環境風水應用實務班","72","20","11850","20250304","20250529"
"新高雄總工會","高雄市","162695","植物染應用實作班","54","25","10880","20250309","20250511"
"彰化縣職業工會總工會","彰化縣","162696","單人國標舞進階班","54","25","8500","20250304","20250701"
"新高雄總工會","高雄市","162697","淨零碳規劃管理初階訓練班","36","25","6000","20250312","20250423"
"彰化縣職業工會總工會","彰化縣","162698","瑜珈核心舞蹈班","48","30","6750","20250307","20250704"
"新高雄總工會","高雄市","162699","精品咖啡烘焙應用班","60","25","10870","20250315","20250524"
"彰化縣職業工會總工會","彰化縣","162700","地方小吃料理實務班","72","25","14600","20250310","20250528"
"彰化縣職業工會總工會","彰化縣","162702","經典烘焙實務班","72","25","14600","20250318","20250610"
"正修學校財團法人正修科技大學","高雄市","162712","中式米麵食製作實務班","54","24","8900","20250309","20250511"
"社團法人基隆市勞動力職能發展協會","基隆市","162714","和菓子點心製作料理班","54","15","11130","20250302","20250504"
"社團法人台灣租賃住宅市場發展及管理協會","桃園市","162715","租賃住宅管理實務班","42","20","7500","20250308","20250503"
"社團法人台灣藝術人文與教育科技協會","臺北市","162720","文創事業品牌行銷與永續經營管理班","36","18","6790","20250318","20250429"
"中華整體美學交流協會","臺中市","162722","美容技能應用進階實務班","60","18","13850","20250315","20250524"
"社團法人中華民國體育促進會","苗栗縣","162723","拉丁舞綜合訓練班","45","16","8100","20250318","20250624"
"社團法人中華民國體育促進會","新竹市","162724","活力舞蹈訓練班","32","17","5390","20250306","20250626"
"社團法人中華民國體育促進會","苗栗縣","162725","律動瑜珈人才中級班","34","17","6100","20250305","20250625"
"台灣科學園區科學工業同業公會","臺中市","162726","商用稅務會計實務班","42","22","7500","20250308","20250426"
"台灣科學園區科學工業同業公會","臺中市","162727","新版ISO9001:2015品質管理系統輔導人員實務訓練班","42","22","7500","20250315","20250426"
"社團法人宜蘭縣產業勞工權益協進會","宜蘭縣","162733","倉儲作業人員訓練A班","47","40","10700","20250224","20250316"
"社團法人花蓮縣人力資源訓練發展協會","花蓮縣","162734","中式麵食酥油皮.糕漿皮手作班","39","24","9250","20250324","20250423"
"新北市生前契約規劃從業人員職業工會","新北市","162740","會場歐式花藝班","42","26","10700","20250308","20250426"
"東海大學","臺中市","162742","秘書暨行政人員工作術實務訓練班","35","22","6500","20250322","20250503"
"社團法人中華芳香生活美學協會","桃園市","162745","芳香紓壓調理基礎班","108","20","19800","20250412","20250809"
"社團法人新北市觀光導遊協會","臺北市","162748","故宮文物導覽解說培訓班","45","20","8350","20250305","20250423"
"社團法人中華國際職業美學協會","桃園市","162754","凝膠彩繪美甲班","144","20","19290","20250315","20250629"
"台灣省電工器材業產業工會聯合會","臺中市","162758","就業服務人員法令解析班","32","24","6070","20250316","20250413"
"台灣省電工器材業產業工會聯合會","臺中市","162760","就業服務人員法令解析班","33","24","6260","20250319","20250428"
"社團法人中華國際職業美學協會","桃園市","162763","美睫專業人才培訓班","54","20","11760","20250309","20250511"
"社團法人台灣視覺創意設計協會","臺北市","162764","商業攝影暨Photoshop實務應用班","66","19","10000","20250304","20250522"
"社團法人中華國際職業美學協會","桃園市","162767","美容產業講師培訓班","54","20","8640","20250323","20250525"
"財團法人台灣中小企業聯合輔導基金會","臺北市","162769","財務人員基礎班","24","25","4410","20250308","20250322"
"社團法人台灣行業專業協會","桃園市","162777","職場聲音潛能開發及溝通力應用班","35","20","6640","20250315","20250419"
"社團法人中華美甲整體造型職能認證協會","臺中市","162778","穿戴甲應用主題與凝膠沙龍班","84","18","19400","20250310","20250526"
"台北市鐘錶眼鏡業職業工會","臺北市","162781","鐘錶技術實務班","90","20","20000","20250303","20250512"
"新北市專業職能培訓人員職業工會","臺北市","162789","自媒體節目企畫製作人實務班","45","23","9300","20250307","20250627"
"花蓮縣專業職能培訓人員職業工會","花蓮縣","162791","中餐烹調實務技能班","124","30","25550","20250224","20250512"
"花蓮縣專業職能培訓人員職業工會","花蓮縣","162793","烘焙西點麵包餅乾製作進階班","77","20","15850","20250309","20250525"
"新北市勞動力援助人員職業工會","臺北市","162798","傳統整復推拿全身調理手法應用實務班","66","24","11430","20250321","20250613"
"南投縣小吃業職業工會","南投縣","162803","素食中餐烹調訓練班","54","24","10820","20250312","20250416"
"社團法人中華慈宥教育成長協會","臺中市","162809","居家清潔實務培訓班","36","20","6230","20250302","20250413"
"社團法人中華慈宥教育成長協會","臺中市","162810","下午茶飲與精品咖啡調製實務班","48","20","9870","20250308","20250503"
"東吳大學","臺北市","162811","日語聽說讀寫入門假日班","56","24","9240","20250316","20250706"
"社團法人宜蘭縣勞工教育協進會附設職業訓練中心","宜蘭縣","162815","三公噸以上固定式起重機操作人員訓練班","38","30","8650","20250304","20250330"
"臺北市糕餅業職業工會","臺北市","162820","西點蛋糕技能班","64","36","12800","20250225","20250320"
"基隆市調飲服務人員職業工會","基隆市","162822","咖啡與飲料調製實務班","54","25","11110","20250319","20250514"
"南投縣農產品服務職業工會","南投縣","162823","農萃精油手工皂實務班","54","24","11200","20250310","20250505"
"桃園市職能服務職業工會","桃園市","162827","商用韓語會話基礎應用班","42","20","7930","20250301","20250608"
"臺北市糕餅業職業工會","臺北市","162828","麵包製作班","47","32","10810","20250303","20250319"
"基隆市職業總工會","基隆市","162842","多媒材紙藝拼貼生活美學班","54","20","12000","20250226","20250423"
"基隆市職業總工會","基隆市","162843","西式點心班","54","20","11100","20250306","20250515"
"基隆市職業總工會","基隆市","162844","伴手禮實作班","54","20","11100","20250307","20250509"
"社團法人職場健康發展協會","臺北市","162848","績效考核與管理運用訓練班","24","30","4440","20250323","20250420"
"臺北市影劇歌舞服務職業工會","臺北市","162849","流行MV街舞人員培訓班","67","24","11050","20250308","20250524"
"社團法人新北市板橋口才發展協會","新北市","162850","職場表達與溝通技巧班","18","23","3530","20250315","20250329"
"靜宜大學","臺中市","162852","實用N3職場日語班","54","18","7500","20250223","20250427"
"靜宜大學","臺中市","162853","幼兒情緒教育學士學分班","36","18","5000","20250309","20250420"
"靜宜大學","臺中市","162855","芳香精油實務應用學士學分班","37","10","6920","20250322","20250503"
"臺北市影劇歌舞服務職業工會","臺北市","162857","國語正音、發聲訓練班","46","24","8690","20250226","20250604"
"臺北市影劇歌舞服務職業工會","臺北市","162860","專業歌唱人員表演技巧實務班","32","24","6040","20250308","20250503"
"臺北市挽臉從業人員職業工會","新北市","162861","臉部經絡耳穴保健班","42","22","11100","20250316","20250504"
"臺北市專業職能教學人員職業工會","臺北市","162868","樂齡活動指導員芳療精油應用實務班","47","23","12400","20250302","20250427"
"苗栗縣職業總工會","苗栗縣","162871","Ai高效創作實務班","45","18","8530","20250305","20250611"
"臺北市專業職能教學人員職業工會","臺北市","162872","PYTHON設計基礎班","47","22","9750","20250316","20250504"
"苗栗縣職業總工會","苗栗縣","162873","手捏陶藝創意班","51","24","11360","20250307","20250704"
"苗栗縣職業總工會","苗栗縣","162874","藝術果凍花實務班","30","24","7120","20250309","20250420"
"苗栗縣職業總工會","苗栗縣","162875","活用日語實務班","51","16","8410","20250311","20250701"
"基隆市調飲服務人員職業工會","基隆市","162887","專業咖啡萃取風味調整與烘焙技巧班","47","20","11100","20250301","20250426"
"花蓮縣總工會","花蓮縣","162888","皮雕創意設計班","54","22","10150","20250303","20250414"
"財團法人華岡興業基金會","臺北市","162895","人力資源管理實務班","35","30","6600","20250309","20250413"
"宜蘭縣病患家事服務職業工會","宜蘭縣","162900","中餐烹調實務班","84","24","17300","20250305","20250512"
"新北市總工會","新北市","162901","居家清潔用品實務班","54","20","12000","20250316","20250518"
"新北市總工會","新北市","162902","芳香療法紓壓心靈實務班","36","20","9520","20250318","20250429"
"財團法人華岡興業基金會","臺北市","162904","混沌理論與金融時間序列指數化理論與實務研習班","28","28","5200","20250315","20250503"
"財團法人華岡興業基金會","臺北市","162907","淨零碳管理能力訓練班","36","30","6800","20250315","20250426"
"基隆市商品包膜服務人員職業工會","基隆市","162908","皮革皮雕實作班","72","20","16030","20250223","20250525"
"臺北市勞動力服務人員職業工會附設職業訓練中心","臺北市","162914","Excel辦公軟體與ChatGPT實務班","36","20","6690","20250319","20250618"
"中華產業人才認證學會","臺中市","162916","商業會計循環及營所稅申報實務班","42","24","7930","20250309","20250504"
"臺灣勞動力服務人員職業工會聯合會","臺北市","162922","韓文會話實務應用班","36","20","6550","20250324","20250609"
"社團法人彰化縣電子商務協會","彰化縣","162923","電商影音與網路行銷班","60","25","10400","20250315","20250614"
"宜蘭縣資訊服務職業工會","宜蘭縣","162928","資訊3C產品包裝視覺設計創銷班","88","20","19600","20250313","20250522"
"基隆市小吃業職業工會","基隆市","162930","泰國風味料理訓練班","54","25","11060","20250317","20250512"
"臺北市寵物服務員職業工會","臺北市","162932","寵物飼養管理與美容技能職能班","36","28","7950","20250315","20250426"
"臺北市文化創意產業工會","臺北市","162934","時尚花藝創意設計班","42","20","10650","20250305","20250416"
"社團法人彰化縣培力學習協會","彰化縣","162938","中式米麵食實務班","48","25","8450","20250311","20250506"
"社團法人彰化縣培力學習協會","彰化縣","162939","體適能有氧律動班","30","25","4550","20250320","20250529"
"宜蘭縣營建土木職業工會","宜蘭縣","162944","手創木作傳統家具技能應用班","105","25","23380","20250301","20250621"
"宜蘭縣營建產業工會","宜蘭縣","162952","產業物件營造多元彩繪技能班","47","22","11990","20250309","20250420"
"社團法人彰化縣田尾公路花園協會","彰化縣","162953","園藝栽培與空間綠化應用實務班","36","26","8560","20250301","20250412"
"臺北市網路購物產業工會","臺北市","162956","Excel試算表實務應用班","42","25","7900","20250304","20250422"
"基隆市文化創意產業從業人員職業工會","基隆市","162959","歌唱技巧與聲樂藝術班","42","20","8750","20250306","20250424"
"彰化縣基督教青年會","彰化縣","162960","實用英文會話進階班","30","20","5650","20250313","20250529"
"彰化縣基督教青年會","彰化縣","162961","觀光韓文基礎班","30","20","5650","20250318","20250520"
"臺灣省工業會","臺北市","162965","商用多益班","24","26","4530","20250301","20250329"
"基隆市指甲彩繪美睫美容服務人員職業工會","基隆市","162968","手機攝影與後製技巧班","42","25","8760","20250301","20250419"
"社團法人亞太流行時尚產業發展協會","桃園市","162970","芳香調理課程班","90","25","20760","20250301","20250621"
"社團法人亞太流行時尚產業發展協會","桃園市","162977","花藝美學創作班","54","30","12020","20250311","20250506"
"中華民國不動產代銷經紀商業同業公會全國聯合會","臺中市","162978","共有不動產多數決處份與購買權進階班","45","20","8280","20250306","20250626"
"雙北市職業總工會","臺北市","162981","咖啡豆烘焙班","42","25","9750","20250304","20250325"
"社團法人台灣勞工技能訓練協進會","臺北市","162983","韓語初級1會話班","42","20","7340","20250311","20250429"
"社團法人亞太流行時尚產業發展協會","桃園市","162984","芳香調理課程班","90","25","20760","20250319","20250625"
"社團法人台灣跨界知能發展協會","臺中市","162988","美學花卉植栽設計班","66","25","14680","20250307","20250528"
"宜蘭縣總工會","宜蘭縣","162991","手工藝作品實作班","54","18","12000","20250310","20250502"
"社團法人中華美容技藝促進協會附設職業訓練中心","新北市","162992","男女剪髮技術培訓班","96","20","11900","20250302","20250615"
"社團法人中華勞資法務顧問協會","臺中市","162994","勞資法務講師培訓基礎班","36","24","6760","20250303","20250407"
"基隆市產職業企業總工會","基隆市","163000","電子商務線上直播售貨訓練班","42","20","7670","20250310","20250421"
"社團法人苗栗縣展夢圓關懷協會","苗栗縣","163001","綜合標準舞進階班","47","18","8880","20250304","20250617"
"社團法人苗栗縣展夢圓關懷協會","苗栗縣","163002","瑜珈人才應用實務班","32","18","6000","20250306","20250626"
"社團法人台中市企業講師協會","臺中市","163006","精準說話表達技巧訓練班","24","24","4550","20250307","20250502"
"社團法人台中市企業講師協會","臺中市","163007","採購人員專業職能實務班","36","20","6830","20250308","20250419"
"社團法人台中市企業講師協會","臺中市","163008","職場聽力理解與邏輯表達訓練班","30","20","5690","20250320","20250424"
"社團法人中華職能再造創業培訓推展協會","臺中市","163017","時尚沙龍美甲技能實務班","60","20","13740","20250307","20250516"
"彰化縣舞蹈業職業工會","彰化縣","163018","社交舞花步舞蹈訓練班","63","22","10080","20250304","20250520"
"彰化縣舞蹈業職業工會","彰化縣","163019","單人拉丁舞蹈訓練班","54","21","8910","20250310","20250707"
"彰化縣舞蹈業職業工會","彰化縣","163020","國標舞華爾滋及探戈舞蹈技能訓練班","54","26","7800","20250312","20250514"
"彰化縣職業勞工總工會","彰化縣","163023","多媒材創意彩繪應用班","54","20","11500","20250324","20250521"
"社團法人台灣資產評估協會","臺中市","163025","不動產繼承登記應用班","30","18","5670","20250308","20250412"
"基隆市稅務記帳士從業人員職業工會","基隆市","163033","遺產與贈與稅務實務與法規應用班","30","25","6050","20250302","20250330"
"社團法人臺中市西區大忠社區發展協會","臺中市","163035","精品咖啡萃取與義式咖啡調飲實作班","47","20","11140","20250301","20250419"
"財團法人水源地文教基金會","臺中市","163039","護膚及淨膚保養品實作班","42","24","10740","20250301","20250419"
"財團法人水源地文教基金會","臺中市","163040","藍染工藝縫紮染實作班","42","24","10740","20250302","20250420"
"桃園市電腦商業同業公會","桃園市","163043","職場活用Excel x ChatGPT 高效實作班","36","22","6680","20250308","20250419"
"國立中正大學","臺中市","163044","勞工關係專題碩士學分班","54","30","8910","20250308","20250607"
"宜蘭縣總工會附設職業訓練中心","宜蘭縣","163045","家常宴客料理實作班","57","18","11500","20250313","20250527"
"基隆市藥妝從業人員職業工會","基隆市","163049","自媒體創新行銷與品牌經營班","42","18","7960","20250302","20250420"
"花蓮縣美姿造型暨整體配飾設計職業工會","花蓮縣","163051","植萃手工皂及清潔品班","54","15","11500","20250223","20250504"
"台灣省工商安全衛生協會附設中壢職業訓練中心","桃園市","163058","職業安全衛生管理人員訓練班","115","35","11680","20250322","20250524"
"台灣省工商安全衛生協會附設中壢職業訓練中心","桃園市","163059","荷重在一公噸以上之堆高機操作人員訓練班","34","30","4900","20250325","20250330"
"社團法人中華巨倫人才培訓協會","臺北市","163060","日語會話進階班","47","18","8910","20250312","20250625"
"社團法人中華巨倫人才培訓協會","臺北市","163063","日語會話入門班","47","18","8910","20250308","20250503"
"新北市菸酒運銷業職業工會","新北市","163072","創意調酒應用實務班","36","20","8370","20250226","20250418"
"社團法人中華專業講師協會","臺北市","163073","企業主管管理職能訓練班","30","22","5670","20250322","20250426"
"社團法人台北市不動產教育發展協會","臺北市","163077","不動產經紀人A班","112","25","18400","20250315","20250712"
"社團法人台北市不動產教育發展協會","臺北市","163080","地政士進階班","45","25","7900","20250311","20250501"
"新北市餐飲業產業工會","新北市","163081","手沖咖啡及拉花實務班","46","16","10900","20250308","20250503"
"社團法人中華兩岸影視文創經貿交流總會","臺北市","163084","自媒體經營與影音商攝應用班","66","26","11300","20250510","20250726"
"新北市餐飲業產業工會","新北市","163085","西點烘焙蛋糕實務班","47","20","11140","20250225","20250415"
"社團法人中華菁鷹人才技能學習協會","臺北市","163089","西班牙語初級班","47","18","8910","20250316","20250511"
"國際評量應用發展協會","桃園市","163091","領導深層溝通技巧班","35","22","5100","20250323","20250427"
"社團法人台灣安全衛生協會附設苗栗職業訓練中心","苗栗縣","163092","急救人員安全衛生教育訓練班","17","20","3110","20250306","20250318"
"社團法人台灣安全衛生協會附設苗栗職業訓練中心","苗栗縣","163094","丙種職業安全衛生業務主管教育訓練班","21","15","3390","20250324","20250414"
"社團法人中華不動產教育交流協會","桃園市","163099","地政士民法概要與土地稅法規實務班","96","20","15800","20250302","20250525"
"社團法人中華巨倫人才培訓協會","桃園市","163100","室內裝修材料估算運用班","47","18","8910","20250309","20250504"
"大葉大學","彰化縣","163105","適能筋絡瑜珈實務班","30","30","4500","20250225","20250603"
"大葉大學","彰化縣","163106","金融市場投資理財實務班","36","24","5400","20250306","20250605"
"大葉大學","彰化縣","163107","水電裝修實務班","48","20","9000","20250308","20250503"
"大葉大學","彰化縣","163108","台灣小吃烹飪技能班","36","20","6480","20250315","20250503"
"社團法人中華易經管理發展協會","臺中市","163110","姓名屬性分析與人脈關係經營運用班","24","24","4440","20250310","20250428"
"社團法人台灣美容技藝發展協會","新北市","163118","美容講師培訓班","47","16","9200","20250324","20250512"
"社團法人台灣美容技藝發展協會","新北市","163127","臉部護膚技能實務班","42","16","11000","20250316","20250427"
"社團法人台灣鵗力灣協會","新北市","163131","新多益聽力與閱讀能力提升班","36","28","5850","20250315","20250426"
"社團法人中華影視造型文化創意協會","臺北市","163136","手機數位攝影微影音錄製實務班","66","24","11500","20250216","20250511"
"社團法人新北市口才訓練協進會","臺北市","163137","職場口才訓練實用班","24","20","4200","20250308","20250329"
"社團法人中華商業發展協會","桃園市","163139","ESG綠領永續人才訓練班","36","20","6820","20250308","20250323"
"社團法人中華影視造型文化創意協會","臺北市","163141","新媒體網路廣告直播表演藝術班","48","24","8700","20250308","20250503"
"社團法人中華勞資法務顧問協會","新竹縣","163143","勞動及就業服務法規實務班","36","24","6760","20250308","20250419"
"新竹縣總工會","新竹縣","163147","輕食飲調製作實務班","45","20","9280","20250307","20250627"
"新竹縣總工會","新竹縣","163149","拼布手作應用班","88","24","18000","20250315","20250607"
"新竹縣總工會","新竹縣","163150","服裝創意再造班","84","24","14300","20250316","20250608"
"社團法人台灣新活力促進協會","新竹市","163157","實用日語會話應用班","36","22","5940","20250307","20250606"
"社團法人台灣新活力促進協會","新竹市","163158","職場溝通與表達技巧實務班","21","18","3460","20250315","20250329"
"新北市汽車美容人員職業工會","新北市","163164","生成式AI提案撰寫實務班","30","20","5900","20250325","20250429"
"新北市汽車美容人員職業工會","新北市","163169","說服力簡報與數位工具實戰班","24","20","4750","20250316","20250413"
"新北市汽車美容人員職業工會","新北市","163170","企業主管團體激勵與管理實務班","36","20","7100","20250315","20250419"
"新竹縣勞動力服務人員職業工會","新竹縣","163171","N4觀光產業日語基礎班","42","22","7930","20250308","20250426"
"臺灣文化創意拼布產業工會","臺北市","163172","插畫藝術從靈感到創作班","45","28","9100","20250315","20250510"
"新北市汽車美容人員職業工會","新北市","163175","口語表達與影片剪輯技巧班","36","20","7100","20250312","20250416"
"社團法人台灣職業技能訓練學會","桃園市","163184","香氛精油手工皂班","56","21","10610","20250315","20250510"
"基隆市集中市場從業人員職業工會","基隆市","163188","手機網紅短影音經營實務班","21","20","4370","20250305","20250416"
"基隆市集中市場從業人員職業工會","基隆市","163190","藍染實用生活創作班","18","20","4600","20250305","20250319"
"社團法人中華易經管理發展協會","桃園市","163192","姓名屬性分析與人脈關係經營運用班","24","24","4440","20250312","20250430"
"社團法人台灣不動產仲介發展協會","臺北市","163194","不動產經紀人複訓03班","30","20","5400","20250307","20250328"
"臺灣職能訓練產業工會","臺北市","163197","PMP國際專案管理訓練班","42","25","7930","20250304","20250422"
"社團法人基隆市勞資和諧促進會","基隆市","163201","Microsoft職場實務應用班","30","24","5480","20250301","20250329"
"社團法人中華民國珠寶金飾研究會","桃園市","163202","金工蠟雕設計實作班","47","26","11420","20250322","20250510"
"社團法人中華生涯規劃發展交流協會","新竹市","163203","選才識人技巧培訓班","18","25","3400","20250308","20250329"
"基隆市園藝花卉業職業工會","基隆市","163206","花藝設計環保素材應用班","47","28","9800","20250302","20250427"
"臺灣職能訓練產業工會","臺北市","163210","媒體創作者AI行銷自動化實作班","42","20","7960","20250307","20250613"
"社團法人中華民國瑜伽舞蹈養生協會","桃園市","163212","瑜珈教學人員應用實務班","36","20","6780","20250316","20250615"
"社團法人台灣勞工多元學習發展協會","臺中市","163213","日語實用會話基礎班","36","22","6830","20250319","20250604"
"社團法人台灣職能培育協會","桃園市","163215","造型點心職人班","52","25","10500","20250311","20250423"
"社團法人台灣職能培育協會","桃園市","163216","亞洲美食實務班","66","25","13600","20250315","20250524"
"社團法人台灣職能培育協會","桃園市","163217","中餐烹調技能班","98","25","19800","20250316","20250629"
"財團法人塑膠工業技術發展中心","桃園市","163219","醫療器材法規與臨床試驗基礎班","18","26","3410","20250314","20250411"
"社團法人彰化縣體育運動舞蹈協會","彰化縣","163220","燃脂有氧舞蹈及瑜珈訓練班","45","25","8460","20250226","20250604"
"社團法人彰化縣體育運動舞蹈協會","彰化縣","163221","體塑有氧舞蹈及平板瑜珈訓練班","45","30","8460","20250305","20250611"
"社團法人彰化縣體育運動舞蹈協會","彰化縣","163222","熱舞有氧舞蹈及瑜珈訓練班","45","30","8460","20250307","20250620"
"桃園市文創美學交流協會","桃園市","163228","創藝美甲凝膠設計進階實務班","54","18","12400","20250308","20250510"
"社團法人中華民國瑜伽舞蹈養生協會","桃園市","163229","心肺有氧與運動按摩實務班","36","20","6780","20250318","20250603"
"社團法人中華民國瑜伽舞蹈養生協會","桃園市","163231","流行MV舞派對有氧A班","36","20","6780","20250320","20250619"
"社團法人中華民國瑜伽舞蹈養生協會","桃園市","163232","健身指導員培訓實務班","36","20","6780","20250321","20250620"
"國立聯合大學","苗栗縣","163239","茶葉文創與AI行銷實作班","36","20","7500","20250315","20250426"
"中華民國安全衛生職能發展協會","桃園市","163241","金屬切割銲接操作人員訓練班","70","25","15500","20250312","20250504"
"中華職能開發策進會","臺北市","163242","關鍵人才培育計畫實務班","36","20","6800","20250315","20250426"
"基隆市總工會","基隆市","163251","園藝美學設計實作班","48","20","10690","20250301","20250426"
"基隆市總工會","基隆市","163257","植萃保養品調製及清潔用品應用班","54","18","11810","20250308","20250510"
"社團法人臺中市職業訓練多元發展協會","臺中市","163258","越語實用會話入門班","42","18","7960","20250302","20250420"
"大同大學","臺北市","163273","SKETCHUP 3D室內設計繪圖及渲染班","54","22","7550","20250308","20250510"
"台灣省電工器材業產業工會聯合會","新北市","163274","日文初級班","27","18","5000","20250308","20250412"
"社團法人臺灣養生創意美食發展協會","臺中市","163277","中西式烘焙食品製作班","60","24","12370","20250304","20250520"
"社團法人臺灣養生創意美食發展協會","臺中市","163279","發酵食品及釀造食品製作班","42","24","9800","20250305","20250430"
"南華大學","臺中市","163280","自媒體短影片行銷實戰班","24","22","5000","20250308","20250329"
"南華大學","臺中市","163281","Line官方帳號行銷培訓班","24","22","4550","20250406","20250504"
"南開科技大學","南投縣","163285","脫蠟水晶鑄造技術實務班","54","20","11000","20250308","20250517"
"南開科技大學","南投縣","163286","長照據點活動帶領技巧班","36","20","7100","20250322","20250510"
"中華海運研究協會","臺北市","163288","進出口、保稅與快遞貨物通關實務班","30","22","5550","20250308","20250412"
"社團法人台灣手工藝文創協會","新北市","163291","植物萃取染色應用班","45","28","11100","20250312","20250618"
"新竹市芳療整體保養職業工會","新竹市","163297","流行時尚凝膠美甲技能班","84","23","19250","20250322","20250621"
"社團法人台灣手工藝文創協會","新北市","163298","毛線編織文創設計班","45","28","9390","20250304","20250425"
"新竹市芳療整體保養職業工會","新竹市","163299","美容專業人員班","84","20","19250","20250323","20250622"
"中華職人產業文化推廣協會","臺北市","163301","建築物室內裝修工程實務班","54","25","8910","20250315","20250524"
"社團法人中華民國記帳士交流協會","臺北市","163304","財務管理實務班","24","25","3960","20250310","20250428"
"社團法人中華民國記帳士交流協會","臺北市","163305","財務流程管理與審核解析班","24","25","3960","20250311","20250429"
"台灣省電工器材業產業工會聯合會","臺北市","163306","綠能智慧水電修繕初階班","32","25","8190","20250301","20250309"
"新竹市網路購物服務人員職業工會","新竹縣","163307","Excel Power BI大數據分析應用實務班","47","17","8910","20250302","20250427"
"社團法人中華民國記帳士交流協會","臺北市","163308","會計內帳及稅務申報實務班","32","24","5280","20250322","20250517"
"新竹市網路購物服務人員職業工會","新竹縣","163309","AI智慧應用與Office職場文書班","47","17","8640","20250308","20250503"
"社團法人中華職能協會","臺北市","163311","金融交易實務應用訓練班","54","23","8910","20250316","20250511"
"臺中市總工業會","臺中市","163315","財務報表閱讀與分析實務班","36","24","6460","20250308","20250419"
"花蓮縣職業總工會","花蓮縣","163326","西點蛋糕烘焙技能班","47","20","10600","20250308","20250426"
"財團法人中國生產力中心","臺北市","163330","職場問題溝通與解決技巧實務班","36","30","6480","20250318","20250429"
"台中市派遣服務人員職業工會","臺中市","163337","自來水配管實務班","42","20","9900","20250301","20250426"
"社團法人中華民國居家用品創意翻新協會","臺北市","163343","祺袍製圖打版製作修改班","91","20","16250","20250309","20250608"
"台灣機械業工會聯合會","新北市","163344","新多益能力提升班","36","25","6830","20250310","20250602"
"社團法人中華民國居家用品創意翻新協會","臺北市","163345","成衣女裝製作基礎班","126","20","28000","20250308","20250705"
"彰化縣總工會","彰化縣","163347","手工皂與保養品實作班","54","25","11800","20250304","20250507"
"彰化縣總工會","彰化縣","163348","Solidworks 3D繪圖應用實務班","54","20","9600","20250309","20250525"
"彰化縣總工會","彰化縣","163349","人力資源管理勞動法令應用實務班","54","16","8900","20250319","20250523"
"彰化縣總工會","彰化縣","163350","蝶古巴特創意拼貼進階班","54","20","11900","20250323","20250608"
"台灣機械業工會聯合會","新北市","163356","日文初級班","36","25","6720","20250305","20250521"
"國立高雄科技大學","高雄市","163358","水肺潛水暨水域技能培訓班","57","20","9870","20250307","20250323"
"崑山科技大學","高雄市","163363","民法暨信託法概要學士學分班","54","28","8910","20250303","20250630"
"崑山科技大學","高雄市","163364","土地登記實務學士學分班","54","23","8910","20250307","20250718"
"新竹縣職能培訓協會","新竹市","163366","東歐花藝美學班","47","24","11640","20250303","20250616"
"新北市骨節整復職業工會","臺北市","163370","傳統整復推拿實務A班","98","25","16970","20250308","20250504"
"屏東縣勞動力援助人員職業工會","高雄市","163371","債務協商處理人員培訓班","30","25","5650","20250315","20250419"
"新竹縣職能培訓協會","新竹市","163375","日式池坊花藝班","47","24","11640","20250305","20250618"
"新竹縣職能培訓協會","新竹市","163376","西歐花藝美學班","47","24","11640","20250304","20250617"
"高雄市爭議調處人員職業工會","高雄市","163377","道路交通事故爭議處理實務班","24","25","4300","20250309","20250330"
"高雄市氧身波動能量調理人員職業工會","高雄市","163382","養生美容保健舒壓實作班","30","20","7930","20250305","20250507"
"社團法人中華亞太國際美學教育認證協會","臺北市","163384","彩妝實務應用班","54","18","12090","20250215","20250323"
"新北市產職業聯合總工會","新北市","163390","植物萃取染色應用班","47","28","11580","20250308","20250426"
"新北市產職業聯合總工會","新北市","163391","和菓子文創設計班","47","24","9800","20250309","20250427"
"新北市糕餅業職業工會","新北市","163394","西點蛋糕技能班","42","32","9300","20250420","20250601"
"新北市糕餅業職業工會","新北市","163395","手作蛋糕麵包實作班","64","32","12200","20250319","20250416"
"社團法人中華商業發展協會","新北市","163398","ESG綠領永續人才訓練班","36","20","6760","20250304","20250415"
"財團法人自強工業科學基金會","臺北市","163399","色彩規劃管理人員訓練班","24","20","5000","20250322","20250426"
"新北市職業總工會","新北市","163400","多媒材文創小物實作班","42","20","8590","20250310","20250421"
"臺灣視覺傳達設計產業工會","臺北市","163402","商業廣告影像編修暨Photoshop應用班","57","19","9400","20250303","20250505"
"臺灣視覺傳達設計產業工會","臺北市","163404","商業攝影實務應用班","63","20","10300","20250309","20250518"
"中華民國租賃住宅服務業產業工會","臺北市","163405","地政士實務班","60","40","9900","20250318","20250529"
"新北市保養品從業人員職業工會","新北市","163415","芳療精油調製實務班","47","32","12480","20250309","20250427"
"財團法人自強工業科學基金會","臺北市","163419","淨零碳規劃管理初階訓練班","36","20","6660","20250225","20250513"
"虹宇事業股份有限公司附設職業訓練中心","桃園市","163421","Python資料分析與實務應用班","54","26","8910","20250309","20250511"
"財團法人和春文教基金會","高雄市","163422","提高行政效能運用ChatGPT實務班","47","25","9800","20250308","20250607"
"財團法人自強工業科學基金會","臺北市","163424","iPAS初級資訊安全人員訓練班","30","20","5670","20250307","20250516"
"財團法人自強工業科學基金會","臺北市","163427","Python基礎程式設計班","24","20","4440","20250317","20250409"
"中華數位人資應用管理協會","新北市","163428","勞動法令與就業服務訓練班","54","26","8910","20250323","20250518"
"基隆市手工藝製品業職業工會","基隆市","163430","花藝池坊華道實作班","45","20","8600","20250305","20250611"
"財團法人自強工業科學基金會","臺北市","163432","Dialux evo 12設計實務班","30","20","5670","20250314","20250523"
"基隆市手工藝製品業職業工會","基隆市","163438","日語會話實用班","48","18","6600","20250306","20250703"
"台灣樂活養生健康推廣協會","屏東縣","163444","時尚改良旗袍打版之應用進階班","47","16","11900","20250216","20250420"
"台灣美容職業工會聯合總會","高雄市","163446","美甲彩繪與立體雕花班","91","24","19200","20250322","20250628"
"台灣職能培訓發展協會","屏東縣","163448","童趣造型花藝設計實作班","47","20","11900","20250304","20250422"
"基隆市飾品加工職業工會","基隆市","163449","歡樂馬戲團黏土杯子蛋糕裝飾藝術班","54","20","10000","20250303","20250428"
"基隆市飾品加工職業工會","基隆市","163450","日語會話應用班","48","18","6600","20250313","20250710"
"基隆市飾品加工職業工會","基隆市","163451","巧藝編織手作班","54","20","10100","20250314","20250516"
"台北市商品包膜人員職業工會","臺北市","163453","皮革皮雕製作實務班","90","25","20000","20250308","20250628"
"社團法人高雄市資訊培育協會","高雄市","163454","AutoCAD電腦輔助製圖設計實務班","45","21","8520","20250226","20250416"
"屏東縣文化創藝創作人員職業工會","屏東縣","163457","生活用品彩繪實作班","47","18","11900","20250215","20250419"
"屏東縣芳療整體保養職業工會","屏東縣","163459","芳香精油與花精舒壓運用及行銷管理實務班","45","16","11700","20250313","20250506"
"屏東縣專業職能培訓人員職業工會","屏東縣","163460","磨刻琉璃彩繪創作班","47","16","11900","20250216","20250420"
"屏東縣整體配飾設計職業工會","屏東縣","163463","創意手作拼布實作班","47","16","11900","20250215","20250419"
"高雄市美容業職業工會","高雄市","163465","DIY美容皂與保養品配方設計班","72","24","15000","20250309","20250615"
"高雄市美容業職業工會","高雄市","163466","美容實作技巧班","91","18","19000","20250316","20250629"
"新北市工商服務業職業工會","臺北市","163467","勞動法規與人資專業實務班","30","25","5040","20250301","20250329"
"實踐大學","臺北市","163468","Microsoft Excel 資料分析與視覺化圖表班","36","21","7480","20250309","20250420"
"高雄市創意美學推廣協會","高雄市","163471","花藝創意實作班","91","19","20260","20250306","20250626"
"國立中正大學","臺北市","163472","人力資源管理專題碩士學分班","54","30","8910","20250302","20250622"
"桃園市中餐服務人員職業工會","桃園市","163474","中式麵食進階班","87","25","17200","20250309","20250615"
"桃園市中餐服務人員職業工會","桃園市","163475","西點烘焙專修班","87","25","17800","20250315","20250621"
"中華民國體育運動舞蹈推廣協會","桃園市","163479","倫巴舞蹈訓練班","45","16","8500","20250307","20250627"
"中華民國體育運動舞蹈推廣協會","桃園市","163480","拉丁有氧舞蹈訓練班","45","16","8500","20250315","20250705"
"社團法人桃園市體育促進會","桃園市","163482","拉丁舞蹈訓練班","45","16","8500","20250304","20250701"
"社團法人桃園市體育促進會","新竹市","163483","拉丁舞蹈綜合訓練班","39","18","7300","20250304","20250513"
"社團法人桃園市體育促進會","桃園市","163484","活力拉丁舞蹈綜合訓練班","45","16","8500","20250304","20250610"
"社團法人桃園市體育促進會","桃園市","163485","摩登舞蹈訓練班","45","16","8450","20250307","20250627"
"社團法人中華民國居家用品創意翻新協會","桃園市","163490","成衣女裝製作基礎班","126","20","28000","20250309","20250706"
"社團法人中華民國居家用品創意翻新協會","桃園市","163491","祺袍製圖打版製作修改班","91","20","16250","20250308","20250607"
"社團法人桃園市時兆研究社","桃園市","163492","銀髮族復能訓練班","16","20","3150","20250322","20250329"
"中華民國全競利促進協會","新竹縣","163493","EXCEL導入AI智慧結合自動化數據分析實戰班","47","20","8910","20250227","20250424"
"中華民國全競利促進協會","新竹縣","163494","AI影像生成與電商廣告應用班","47","20","8910","20250308","20250426"
"台北市傳統整復推拿與民俗調理職業工會","新北市","163496","民俗調理業傳統整復推拿調理班","112","24","16840","20250303","20250604"
"社團法人台灣手技研究培訓協會","桃園市","163497","傳統整復推拿實務班","80","23","13650","20250302","20250511"
"台北市園藝花卉業職業工會","臺北市","163498","花藝設計進階班","47","24","11960","20250304","20250429"
"台北市園藝花卉業職業工會","臺北市","163499","園藝作物盆栽班","42","24","10300","20250311","20250422"
"苗栗縣產業總工會","苗栗縣","163500","皮革配件文創設計應用班","72","24","15520","20250302","20250525"
"苗栗縣產業總工會","苗栗縣","163501","會聲會影影音編輯班","27","20","4720","20250304","20250429"
"苗栗縣產業總工會","苗栗縣","163502","皮雕工藝創意實務應用班","48","24","10100","20250306","20250703"
"苗栗縣產業總工會","苗栗縣","163503","實用手工皂與保養品實務應用班","54","24","11340","20250308","20250510"
"苗栗縣產業總工會","苗栗縣","163504","地方特色伴手禮實務班","48","32","9900","20250309","20250504"
"中華民國全國職業總工會","桃園市","163505","皮革製版設計裁切成型技術班","88","24","19600","20250308","20250524"
"新竹縣產職企業總工會","新竹縣","163507","水電裝修維護班","47","18","10320","20250301","20250426"
"社團法人中華民國不動產包租代管房東房客教育訓練協會","臺中市","163513","不動產經紀人專業班","128","15","21120","20250322","20250719"
"國際評量應用發展協會","臺北市","163518","領導深層溝通技巧班","35","23","5100","20250322","20250426"
"桃園市保險業務職業工會","桃園市","163519","稅務規劃應用實務班","48","25","7870","20250304","20250422"
"桃園市保險業務職業工會","桃園市","163520","稅務規劃及高效保險行銷經營實務班","32","30","4650","20250305","20250423"
"桃園市保險業務職業工會","桃園市","163521","車禍調解理賠處理專業人才實務班","48","25","7870","20250307","20250502"
"桃園市保險業務職業工會","桃園市","163522","保單課稅及房地合一稅賦應用實務班","40","25","6410","20250313","20250529"
"桃園市勞動力援助職業工會","桃園市","163528","華道池坊暨歐式花藝設計專才創作班","60","25","13290","20250308","20250517"
"桃園市勞動力援助職業工會","桃園市","163529","韓語會話中級進階班","54","18","8860","20250308","20250621"
"桃園市勞動力援助職業工會","桃園市","163530","中上級日語N2入門班","54","22","8860","20250309","20250622"
"桃園市勞動力援助職業工會","桃園市","163531","日語初階會話訓練班","54","20","8910","20250313","20250710"
"新竹縣美姿禮儀造型職業工會","新竹縣","163532","男女快速剪髮設計班","60","20","13300","20250302","20250511"
"佛光大學","宜蘭縣","163538","專案管理碩士學分班","54","12","8910","20250217","20250616"
"社團法人高雄市新運動文化暨文創經貿發展協會","高雄市","163539","樂齡旅遊遊程設計規劃實務班","24","20","4110","20250220","20250305"
"社團法人台灣手工藝文創協會","桃園市","163540","輕金屬水晶花飾品實務班","47","24","12030","20250308","20250426"
"社團法人台灣多元性設計創作協會","桃園市","163542","AutoCAD電腦繪圖基礎班","54","23","8910","20250309","20250511"
"宜蘭縣勞工團體聯盟總會","宜蘭縣","163543","手作伴手禮製作班","84","24","17300","20250316","20250615"
"社團法人台灣創造活動發展協會","桃園市","163544","ChatGPT生成式AI及自動化Excel實務應用班","54","20","8910","20250316","20250518"
"宜蘭縣勞工團體聯盟總會","宜蘭縣","163547","烘焙點心製作班","91","24","18750","20250308","20250614"
"中山醫學大學","臺中市","163551","歐陸美味烹飪料理班","52","25","10290","20250316","20250629"
"中山醫學大學","臺中市","163552","長春健康活力料理班","52","25","10290","20250319","20250618"
"中山醫學大學","臺中市","163553","經典與時尚西點蛋糕班","52","25","10290","20250320","20250626"
"宜蘭縣勞工團體聯盟總會","宜蘭縣","163554","手作西點烘焙班","84","24","17300","20250321","20250620"
"中山醫學大學","臺中市","163555","手作中式麵點實務班","52","25","10290","20250321","20250627"
"中山醫學大學","臺中市","163556","風味食材麵包實務班","52","25","10290","20250322","20250628"
"財團法人水源地文教基金會","桃園市","163557","精品咖啡萃取與義式咖啡調飲實作班","47","20","11140","20250316","20250504"
"社團法人台灣城鄉發展協會","臺中市","163560","中餐創意料理實務班","90","20","16250","20250311","20250506"
"宜蘭縣勞工團體聯盟總會","宜蘭縣","163562","手創編織商品應用班","55","20","12250","20250320","20250626"
"財團法人自強工業科學基金會","新竹市","163563","商務英文聽說讀寫強化班","30","25","5690","20250308","20250517"
"財團法人自強工業科學基金會","新竹市","163564","新多益聽力與閱讀能力提升班","30","25","5690","20250308","20250517"
"財團法人自強工業科學基金會","新竹市","163565","非財務人員必備之財務知能班","24","25","4550","20250309","20250330"
"花蓮縣創意烘焙美食推廣協會","花蓮縣","163575","經典烘焙麵包技能班","54","20","11100","20250309","20250504"
"新竹縣專業職能培訓人員職業工會","新竹縣","163576","職場實用日語會話實務班","54","20","8910","20250305","20250625"
"新竹縣專業職能培訓人員職業工會","新竹縣","163577","職場實用日語會話應用班","51","20","8410","20250306","20250703"
"社團法人台灣新活力促進協會","臺中市","163580","職場新多益英文解析班","42","28","6930","20250323","20250629"
"社團法人台灣公共職業訓練國際交流暨發展協會","臺中市","163587","新制多益英文聽力閱讀訓練班","36","22","6730","20250308","20250419"
"社團法人台灣手技研究培訓協會","臺中市","163595","傳統整復推拿實務班","80","23","13650","20250301","20250517"
"社團法人台灣安全衛生協會附設台中職業訓練中心","臺中市","163597","丙種職業安全衛生業務主管班","21","20","3350","20250319","20250321"
"萬能學校財團法人萬能科技大學","桃園市","163602","ESG企業永續與淨零實踐規劃班","30","20","4250","20250310","20250409"
"僑光科技大學","臺中市","163605","中西式烘焙食品製作基礎班","36","30","8500","20250310","20250609"
"僑光科技大學","臺中市","163606","咖啡職能養成班","36","30","8400","20250310","20250609"
"僑光科技大學","臺中市","163607","手作珍珠飾品設計暨實作技法應用班","36","25","9100","20250311","20250527"
"僑光科技大學","臺中市","163608","雲端辦公室應用班","36","25","6600","20250313","20250612"
"僑光科技大學","臺中市","163609","Python、Excel與ChatGPT辦公作業與數據分析自動化實戰班","36","25","6700","20250317","20250609"
"僑光科技大學","臺中市","163610","廣告素材與AI生成式整合班","36","25","6800","20250318","20250603"
"社團法人臺灣能源與環境發展協會","臺中市","163611","ISO 14067 內部查證人員訓練課程班","21","20","3960","20250320","20250322"
"僑光科技大學","臺中市","163612","報表統計自動化應用技巧班","36","25","6500","20250319","20250604"
"高雄麵食製作職業工會","高雄市","163619","手作烘焙麵包餅乾班","84","30","17320","20250315","20250607"
"社團法人桃園市舞蹈運動協會","桃園市","163620","流行社交舞訓練班","96","15","15800","20250310","20250630"
"社團法人桃園市舞蹈運動協會","桃園市","163621","流行舞蹈訓練班","42","20","7940","20250314","20250627"
"社團法人彰化縣餐飲協會","彰化縣","163622","中餐烹調技能班","78","30","14500","20250306","20250613"
"社團法人彰化縣餐飲協會","彰化縣","163623","烘焙麵包技能班","54","30","10500","20250312","20250709"
"社團法人彰化縣餐飲協會","彰化縣","163624","蛋糕點心製作班","54","30","10500","20250312","20250709"
"國立空中大學","臺中市","163635","實用日語零基礎初級班","42","20","6800","20250304","20250610"
"國立空中大學","臺中市","163636","實用觀光韓語會話基礎班","45","20","7400","20250304","20250429"
"國立空中大學","臺中市","163637","Google雲端應用實務班","36","20","6500","20250305","20250521"
"國立空中大學","臺中市","163638","生成式AI應用導論班","24","20","4500","20250307","20250502"
"桃園市舞蹈業職業工會","桃園市","163641","國標舞蹈訓練班","96","20","15800","20250310","20250625"
"桃園市舞蹈業職業工會","桃園市","163642","標準舞蹈訓練班","93","20","15300","20250311","20250626"
"社團法人中華民國不動產教育訓練發展協會","臺北市","163643","地政士實務班","99","29","15840","20250312","20250528"
"台灣區電機電子工業同業公會","臺中市","163644","新多益題型解析與應考技巧班","45","25","8530","20250321","20250528"
"社團法人中華民國民俗調理教育發展協會","彰化縣","163645","腳底按摩基礎生理概論與專業術科實務班","64","20","10240","20250322","20250517"
"社團法人中華民國居家用品創意翻新協會","臺中市","163647","成衣女裝製作基礎班","126","20","28000","20250401","20250722"
"中華民國經絡鬆筋整體健康協會","桃園市","163649","傳統整復推拿初級技術員課程(刮痧與拔罐)班","138","20","23860","20250304","20250624"
"中華民國經絡鬆筋整體健康協會","桃園市","163650","運動推拿保健班","84","22","14520","20250307","20250602"
"中華民國經絡鬆筋整體健康協會","桃園市","163651","經絡調理手技與牛角輔具應用班","77","22","13300","20250309","20250601"
"中華民國經絡鬆筋整體健康協會","桃園市","163652","傳統整復推拿技術員手法課程班","110","20","19040","20250320","20250710"
"社團法人台灣職業訓練多元發展協會","臺北市","163653","商用韓語會話A班","39","20","7400","20250303","20250526"
"社團法人中華人才培訓發展協會","桃園市","163658","輕型打檔機車修護實務班","70","24","13920","20250301","20250510"
"社團法人台灣職業訓練多元發展協會","臺北市","163660","縫機設備操作班","48","20","10690","20250315","20250510"
"社團法人中華人才培訓發展協會","桃園市","163661","普通機車電路修護實務班","70","24","13270","20250302","20250511"
"新竹縣產業總工會","新竹縣","163662","立體果凍花實作班","42","25","8780","20250301","20250419"
"新竹縣產業總工會","新竹縣","163663","實用日語班","51","25","6900","20250304","20250624"
"新竹縣產業總工會","新竹縣","163664","客家花布與手工皮革實務班","65","30","11600","20250305","20250625"
"新竹縣產業總工會","新竹縣","163665","傳統整復保健班","48","25","8000","20250306","20250703"
"新竹縣產業總工會","新竹縣","163666","瑜珈教學人員應用實務班","48","25","6900","20250307","20250704"
"新竹縣產業總工會","新竹縣","163667","花藝美學實作班","42","25","10500","20250311","20250610"
"新竹縣產業總工會","新竹縣","163668","勞動法令與相關案例研討實務班","36","25","5200","20250311","20250520"
"新竹縣產業總工會","新竹縣","163669","咖啡拉花手沖調製班","36","20","7500","20250314","20250613"
"社團法人全國道教宮廟人才培訓協會","新北市","163673","陽宅磁場實務應用班","54","16","9350","20250308","20250413"
"社團法人新竹縣勞工技能培訓協會","新竹縣","163676","和菓子應用實務班","42","25","9510","20250302","20250420"
"桃園市工業會","桃園市","163678","人資人員勞動法令與就業服務法令解析實務訓練班","54","30","7300","20250308","20250503"
"桃園市工業會","桃園市","163682","PMP國際專案管理訓練班","42","20","7600","20250308","20250426"
"社團法人宜蘭縣職能發展協會","宜蘭縣","163683","SketchUp電腦繪圖設計班","54","20","8910","20250313","20250516"
"桃園市經絡調理服務人員職業工會","新竹市","163684","經絡調理牛角輔具實務班","77","20","12880","20250317","20250526"
"桃園市經絡調理服務人員職業工會","桃園市","163685","民俗調理業經絡調理技術員實務班","144","20","22990","20250319","20250716"
"桃園市工業會","桃園市","163687","工廠生產品質專業人才實務訓練班","30","20","5500","20250315","20250419"
"社團法人宜蘭縣職能發展協會","宜蘭縣","163688","服裝與配件包設計班","90","20","20000","20250306","20250619"
"社團法人中華國際專業職能教育訓練鑑定協會","彰化縣","163690","時尚剪燙美髮造型流行趨勢進階班","78","20","18010","20250313","20250605"
"桃園市工業會","桃園市","163696","AutoCad工業機械產品繪圖設計班","42","18","7900","20250315","20250503"
"桃園市工業會","桃園市","163697","Excel商業管理應用訓練班","36","18","6770","20250317","20250430"
"中國青年救國團","桃園市","163700","多益英文實務班","30","18","4950","20250311","20250513"
"財團法人台灣產業職業能力發展中心","臺北市","163702","HRBP人力資源策略夥伴培育班","36","25","6480","20250309","20250420"
"財團法人台灣產業職業能力發展中心","臺北市","163706","韓語閱讀寫作實戰班","36","25","6480","20250315","20250426"
"基隆市西服業職業工會","基隆市","163708","單寧工藝與牛仔褲改造設計班","54","25","10700","20250307","20250509"
"社團法人彰化縣人力資源教育協會","彰化縣","163709","流行律動舞蹈班","72","30","10750","20250224","20250514"
"社團法人彰化縣人力資源教育協會","彰化縣","163710","手工拼布進階班","84","25","18000","20250318","20250624"
"社團法人台灣公共職業訓練國際交流暨發展協會","桃園市","163711","新制多益英文聽力閱讀訓練班","36","22","6480","20250301","20250412"
"彰化縣農產品運送工職業工會","彰化縣","163716","素食烹調實務班","84","25","17000","20250301","20250524"
"彰化縣農產品運送工職業工會","彰化縣","163717","TTQS訓練機構版指標課程班","24","20","4550","20250308","20250329"
"彰化縣農產品運送工職業工會","彰化縣","163718","植栽美學暨盆栽花器實務班","81","25","17250","20250317","20250616"
"新北市商店售貨職業工會","新北市","163720","環保天然手工皂調製實作班","42","25","10750","20250317","20250428"
"臺中市職業總工會","臺中市","163723","植感保養品暨皂藝美學進階班","66","22","14520","20250317","20250602"
"新北市傳統整復員職業工會","新北市","163726","傳統整復推拿手法A班","80","20","13500","20250308","20250413"
"中華民國全國縫紉業總工會","彰化縣","163728","布精藝手作拼布班","99","30","21000","20250224","20250623"
"彰化縣西服服飾業職業工會","彰化縣","163730","生活實用手作拼布班","96","20","20000","20250322","20250719"
"臺北市工人總工會","臺北市","163733","InDesign 數位排版與編排設計實務班","36","28","7510","20250312","20250528"
"臺北市教育局中小學產業工會","臺北市","163735","商務英語實務進階班","54","23","8690","20250302","20250504"
"臺灣總工會","臺北市","163746","寶石設計編織進階班","54","24","12000","20250322","20250517"
"彰化縣職業總工會","彰化縣","163749","AI輔助工業產品設計與AutoCAD製圖訓練班","54","20","8910","20250312","20250423"
"彰化縣職業總工會","彰化縣","163750","主題式造型氣球應用班","54","18","11100","20250318","20250522"
"彰化縣職業總工會","彰化縣","163751","草本植萃精油入皂應用班","54","18","11000","20250322","20250524"
"社團法人南投縣手工藝發展協會","南投縣","163757","輕手感鉤針織品進階班第03期","70","30","10900","20250316","20250518"
"社團法人南投縣在地產業創新協會","南投縣","163762","烘焙食品製作班","91","30","18700","20250315","20250621"
"社團法人南投縣技職教育協會","南投縣","163766","手做甜點班","49","30","10100","20250304","20250415"
"修平學校財團法人修平科技大學","臺中市","163770","車輛維修技術實務班","54","20","9410","20250303","20250429"
"修平學校財團法人修平科技大學","臺中市","163771","協作型智慧機械手臂控制實務班","54","25","9480","20250311","20250515"
"社團法人高雄市新運動文化暨文創經貿發展協會","高雄市","163772","樂齡旅遊導遊訓練班","24","20","4110","20250319","20250328"
"彰化縣職訓教育協會","彰化縣","163773","辦公室文書處理與應用整合實務班","72","20","11880","20250324","20250611"
"中國醫藥大學","臺中市","163777","臺灣傳統小吃料理班","52","25","10720","20250315","20250628"
"中國醫藥大學","臺中市","163778","里昂南法鄉村料理班","52","25","10720","20250316","20250629"
"社團法人彰化縣故鄉關懷發展協會","彰化縣","163781","家事收納與空間管理技能培訓班","36","21","6200","20250301","20250412"
"社團法人臺中市身無礙關懷協會","臺中市","163785","國服改良式(造型襟及裝飾襟)祺袍製圖打版製作修改班","128","20","28500","20250303","20250630"
"大臺中美髮美容技術指導員職業工會","臺中市","163786","專業造型剪髮應用班","77","24","17780","20250307","20250523"
"大臺中美髮美容技術指導員職業工會","臺中市","163787","整體造型創意彩妝實務班","70","22","16170","20250310","20250512"
"中華民國美髮美容技術指導員職業工會全國聯合總會","臺中市","163790","美髮剪燙染應用班","77","20","17780","20250308","20250524"
"台中市職業訓練培訓人員職業工會","臺中市","163794","瑞典式芳香按摩手技實作班","77","22","17780","20250305","20250514"
"臺中市皂類製作從業人員職業工會","臺中市","163797","皂類清潔製品與香氛商品翻製進階班","96","24","20000","20250317","20250630"
"社團法人彰化縣觀光餐旅推廣協會","彰化縣","163798","中餐烹調素食基礎班","72","25","14850","20250316","20250608"
"新竹市總工會","新竹市","163802","花藝技巧與盆景創作班","47","24","11990","20250315","20250510"
"新竹市總工會","新竹市","163803","環氧樹脂飾品訓練班","42","25","10600","20250306","20250424"
"台灣區冷凍空調工程工業同業公會","臺中市","163807","冷凍空調安裝及維修基礎班","96","30","17290","20250308","20250420"
"新竹市總工會","新竹市","163809","人工智慧(GPT)與EXCEL及POWERPOINT應用班","42","21","7960","20250316","20250504"
"弘光科技大學","臺中市","163810","不動產地政士訓練班","72","24","10780","20250223","20250525"
"弘光科技大學","臺中市","163811","觀光日語景點介紹會話班","36","24","6080","20250308","20250419"
"社團法人中華民國腳底按摩協會","彰化縣","163819","撥筋與太極推拿運用訓練班","30","20","5550","20250323","20250427"
"中華民國全國航空業總工會","臺中市","163821","飛機修護進階班","112","22","23280","20250323","20250622"
"社團法人台中市生活美學協會","臺中市","163822","實用基礎日語及會話實務班","42","20","7960","20250323","20250518"
"中華民國指甲彩繪美容職業工會聯合會","臺中市","163825","凝膠美甲創意設計與3D立體雕花班","84","28","16700","20250323","20250713"
"台中市仲介從業人員職業工會","臺中市","163827","不動產地政士相關法令解析班","140","20","23100","20250315","20250525"
"社團法人台灣鵗力灣協會","臺中市","163834","職場新多益聽力閱讀班","36","28","5710","20250309","20250608"
"中華民國體育運動舞蹈推廣協會","臺中市","163836","國際標準舞蹈訓練班","30","16","5690","20250225","20250603"
"中華民國體育運動舞蹈推廣協會","彰化縣","163837","國標綜合舞蹈訓練班","96","20","15800","20250226","20250625"
"中華民國體育運動舞蹈推廣協會","臺中市","163838","國標舞蹈訓練班","30","16","5690","20250227","20250619"
"社團法人臺中市快樂果長期照顧服務發展協會","臺中市","163839","居家式長照機構評鑑實務管理班","24","24","4160","20250322","20250330"
"社團法人臺中市金融保險從業人員權益促進會","臺中市","163842","保險理賠拒賠風險與糾紛處理實務班","40","20","6600","20250313","20250529"
"財團法人金屬工業研究發展中心","臺中市","163843","ISO45001職業安全衛生管理系統實務班","30","22","5670","20250306","20250410"
"財團法人塑膠工業技術發展中心","臺中市","163847","塑膠射出現場管理及品質訓練班","36","25","9220","20250308","20250419"
"社團法人中華民國體育促進會","彰化縣","163850","綜合國標舞訓練班","47","18","8880","20250227","20250619"
"社團法人中華民國體育促進會","臺中市","163851","國際標準舞訓練班","47","18","8880","20250317","20250630"
"嶺東科技大學","臺中市","163856","TTQS 訓練機構版指標課程班","24","24","4500","20250303","20250324"
"社團法人中華整體美學教育協會","臺中市","163861","指甲彩繪貼鑽美學技能實務班","96","24","20690","20250316","20250713"
"社團法人中華整體美學教育協會","臺中市","163862","噴槍美甲凝膠彩繪雕塑進階班","96","24","21290","20250322","20250719"
"社團法人桃園市職訓教育協進會","桃園市","163867","AutoCAD創意室內設計暨生成式AI繪圖班","54","26","8910","20250308","20250510"
"社團法人桃園市職訓教育協進會","桃園市","163868","社群行銷圖文設計規劃班","54","26","8910","20250308","20250510"
"社團法人台中市慈宥關懷協會","臺中市","163872","AI工具應用及網路行銷基礎班","48","20","7920","20250322","20250517"
"社團法人台灣多元技藝職能協會","臺中市","163874","幼兒創意黏土活動設計班","24","20","4770","20250308","20250323"
"社團法人台灣行業專業協會","臺中市","163878","咖啡烘焙杯測與下午茶製作入門班","42","15","9960","20250309","20250427"
"社團法人彰化縣終身學習職能協進會","彰化縣","163889","水電實用班","70","25","15150","20250322","20250607"
"財團法人中華花藝研究推廣基金會","臺中市","163895","婚慶花藝及會場設計班","48","28","9860","20250307","20250613"
"財團法人亞洲大學","臺中市","163898","美味麵包實作班","40","25","9450","20250318","20250520"
"社團法人中華勞動人才發展協會","桃園市","163902","日文─N5訓練班","36","21","6830","20250304","20250418"
"社團法人中華勞動人才發展協會","新竹縣","163903","日文─N5訓練班","36","21","6830","20250308","20250419"
"社團法人中華勞動人才發展協會","新竹縣","163904","日文─N5訓練班","36","21","6830","20250309","20250420"
"好學科技管理顧問有限公司附設職業訓練中心","桃園市","163906","Excel巨集處理應用初階班","49","20","7010","20250222","20250419"
"好學科技管理顧問有限公司附設職業訓練中心","桃園市","163907","Excel巨集處理應用初階班","49","20","7010","20250309","20250427"
"台中市美姿禮儀造型職業工會","臺中市","163912","日式手部保養及穿戴甲凝膠款式製作班","78","25","17480","20250321","20250627"
"台中市公寓大廈管理服務職業工會","臺中市","163917","綠能公寓大廈事務人員班","48","30","8310","20250312","20250416"
"台中市公寓大廈管理服務職業工會","臺中市","163918","綠能公寓大廈事務人員班","48","30","8310","20250419","20250504"
"臺中市保安支援服務人員職業工會","臺中市","163921","水上摩托車與充氣式救生艇IRB搜救支援人員操作班","70","22","13200","20250315","20250420"
"中華民國汽車保養商業同業公會全國聯合會","彰化縣","163923","中古車況鑑定技能訓練班","18","18","4590","20250223","20250323"
"中華民國汽車保養商業同業公會全國聯合會","彰化縣","163924","電動車維修及保養基礎實務班","18","20","4600","20250316","20250413"
"中華民國經絡鬆筋整體健康協會","南投縣","163926","經絡調理手技與牛角輔具應用課程班","97","22","16790","20250308","20250628"
"中華民國經絡鬆筋整體健康協會","臺中市","163927","經絡調理手技與牛角輔具應用課程班","97","22","16800","20250316","20250622"
"社團法人中華專業講師協會","臺中市","163941","聲音表達與表演訓練班","30","22","6230","20250320","20250424"
"社團法人台灣新興產業人才培育協會","臺中市","163953","實用職場英語會話基礎班","42","20","7960","20250303","20250602"
"光宇學校財團法人元培醫事科技大學","新竹市","163954","中餐烹調廚藝技能班","68","20","11750","20250308","20250412"
"光宇學校財團法人元培醫事科技大學","新竹市","163955","麵包與蛋糕培訓班","66","20","12810","20250308","20250524"
"光宇學校財團法人元培醫事科技大學","新竹市","163957","經絡按摩班","36","20","6230","20250315","20250330"
"光宇學校財團法人元培醫事科技大學","新竹市","163958","臺灣特色茶與六大茶類班","54","20","11050","20250301","20250329"
"財團法人勞動基金會","臺中市","163960","手機攝影與影音後製AI實作班","42","25","6000","20250323","20250511"
"台中市街頭藝人職業工會","臺中市","163963","薩克斯風多元重奏班","54","25","8980","20250411","20250808"
